id,sku,titulo,descripcion,categorias,marca,precio,precioAnterior,stock,disponible,imagenes
REL001,3000143900,"Reloj analógico/digital con brazalete de acero, acero rosado y esfera de nácar Epic Icon Mesh","Reloj analógico/digital TOUS Epic Icon Mesh con brazalete de acero inoxidable y caja de acero rosado. Diámetro: 30 mm. Esfera de nácar. Cristal mineral redondo plano. Funciones: hora y minutos. Impermeable a 5 ATM. Movimiento analógico/digital de cuarzo japonés. Brazalete: 42,5mm x 14mm x 12mm. Cierre ajustable con cierre de seguridad.","TOUS, relojes, mujer",TOUS,179,199,1,sí,https://cloud-media.tous.com/medias/sys_master/images/hd7/h94/14488086413342/1200Wx1200H_product_3000143900-20250603110133/1200Wx1200H-product-3000143900-20250603110133.jpg | https://cloud-media.tous.com/medias/sys_master/images/hf6/haa/14448953360414/1200Wx1200H_product_3000143900_2-20250520180215/1200Wx1200H-product-3000143900-2-20250520180215.jpg
REL002,3000143500,Reloj analógico con brazalete de acero y acero dorado D-Bear Party,"Reloj analógico TOUS D-Bear Party con brazalete de acero inoxidable, acero dorado y caja transparente. Dimensiones: 36 mm x 48 mm. Esfera de metal con oso facetado acrílico asemejando una gema. Cristal mineral plano octogonal. Funciones: hora y minutos. Impermeable a 3 ATM. Movimiento analógico de cuarzo japonés. Brazalete: 23mm x 18mm x 74mm / 23mm x 18mm x 105mm. Cierre malla milanesa con cierre de seguridad.","TOUS, relojes, mujer",TOUS,152,169,1,sí,https://cloud-media.tous.com/medias/sys_master/images/h0b/h8e/14488269717534/1200Wx1200H_product_3000143500-20250603120150/1200Wx1200H-product-3000143500-20250603120150.jpg | https://cloud-media.tous.com/medias/sys_master/images/h2f/h28/14448943267870/1200Wx1200H_product_3000143500_2-20250520180214/1200Wx1200H-product-3000143500-2-20250520180214.jpg
REL003,3000143600,Reloj analógico con brazalete de acero y acero rosado D-Bear Party,"Reloj analógico TOUS D-Bear Party con brazalete de acero inoxidable, acero rosado y caja transparente. Dimensiones: 36 mm x 48 mm. Esfera de metal con oso facetado acrílico asemejando una gema. Cristal mineral plano octogonal. Funciones: hora y minutos. Impermeable a 3 ATM. Movimiento analógico de cuarzo japonés. Brazalete: 23mm x 18mm x 74mm / 23mm x 18mm x 105mm. Cierre malla milanesa con cierre de seguridad.","TOUS, relojes, mujer",TOUS,152,169,1,sí,https://cloud-media.tous.com/medias/sys_master/images/h96/h5d/14488270635038/1200Wx1200H_product_3000143600-20250603120150/1200Wx1200H-product-3000143600-20250603120150.jpg | https://cloud-media.tous.com/medias/sys_master/images/h57/heb/14448946216990/1200Wx1200H_product_3000143600_2-20250520180214/1200Wx1200H-product-3000143600-2-20250520180214.jpg
REL004,3000143700,Reloj analógico con brazalete de acero D-Bear Party,Reloj analógico TOUS D-Bear Party con brazalete de acero inoxidable y caja transparente. Dimensiones: 36 mm x 48 mm. Esfera de metal con oso facetado acrílico asemejando una gema. Cristal mineral plano octogonal. Funciones: hora y minutos. Impermeable a 3 ATM. Movimiento analógico de cuarzo japonés. Brazalete: 23mm x 18mm x 74mm / 23mm x 18mm x 105mm. Cierre malla milanesa con cierre de seguridad.,"TOUS, relojes, mujer",TOUS,143,159,1,sí,https://cloud-media.tous.com/medias/sys_master/images/hee/h2b/14488085495838/1200Wx1200H_product_3000143700-20250603110133/1200Wx1200H-product-3000143700-20250603110133.jpg | https://cloud-media.tous.com/medias/sys_master/images/hc8/h09/14448948641822/1200Wx1200H_product_3000143700_2-20250520180214/1200Wx1200H-product-3000143700-2-20250520180214.jpg
REL005,3000134600,Reloj digital con brazalete de acero SS y acero IPG dorado D-BEAR,"Reloj digital D-BEAR con brazalete y caja de acero inoxidable y acero en color IPG dorado. Diámetro caja: 36,5 x 44,8 mm. Esfera: metálica / Pantalla cristal líquido (LCD) con luz. Funciones: hora en 12 o 24 horas, minutos, segundos, día, mes y día de la semana, cronógrafo 1/100 segundos y alarma. Impermeable a 3 ATM. Batería: 3V litio CR2025 / 2,5 gramos (litio 0,003 gramos). Cristal: plano cuadrado con forma de oso en el interior. Cierre desplegable con pulsadores.","TOUS, relojes, mujer",TOUS,152,169,1,sí,https://cloud-media.tous.com/medias/sys_master/images/hb5/h78/13024339099678/1200Wx1200H_product_3000134600-20240103100204/1200Wx1200H-product-3000134600-20240103100204.jpg | https://cloud-media.tous.com/medias/sys_master/images/h8b/he3/13072209149982/1200Wx1200H_product_3000134600_2-20240118180144/1200Wx1200H-product-3000134600-2-20240118180144.jpg
REL006,3000134500,Reloj digital con brazalete de acero SS y acero IPG dorado D-BEAR,"Reloj digital D-BEAR con brazalete y caja de acero inoxidable y acero en color IPG dorado. Diámetro caja: 36,5 x 44,8 mm. Esfera: metálica / Pantalla cristal líquido (LCD) con luz. Funciones: hora en 12 o 24 horas, minutos, segundos, día, mes y día de la semana, cronógrafo 1/100 segundos y alarma. Impermeable a 3 ATM. Batería: 3V litio CR2025 / 2,5 gramos (litio 0,003 gramos). Cristal: plano cuadrado con forma de oso en el interior. Cierre desplegable con pulsadores.","TOUS, relojes, mujer",TOUS,143,159,2,sí,https://cloud-media.tous.com/medias/sys_master/images/hbf/hc1/13024336150558/1200Wx1200H_product_3000134500-20240103100203/1200Wx1200H-product-3000134500-20240103100203.jpg | https://cloud-media.tous.com/medias/sys_master/images/hf3/hed/13072204955678/1200Wx1200H_product_3000134500_2-20240118180143/1200Wx1200H-product-3000134500-2-20240118180143.jpg
REL007,3000136500,Reloj analógico con brazalete acero IPG dorado Karat,Toda la familia Karat está inspirada en las tallas de las gemas preciosas.; vínculo entre el heritage relojero y la esencia joyera de la marca. El brazalete se encuentran perfectamente integrado a modo de pulsera con eslabones trabajados y facetados ofreciendo un brillo que da carácter a esta colección,"TOUS, relojes, mujer",TOUS,206,229,1,sí,https://cloud-media.tous.com/medias/sys_master/images/hcf/hb5/13620347895838/1200Wx1200H_product_3000136500-20240805140152/1200Wx1200H-product-3000136500-20240805140152.jpg | https://cloud-media.tous.com/medias/sys_master/images/h14/h09/13620349272094/1200Wx1200H_product_3000136500_2-20240805140152/1200Wx1200H-product-3000136500-2-20240805140152.jpg
REL008,3000136300,Reloj analógico de acero IPG dorado con correa de piel negra Heritage,El reloj Heritage es un tributo a nuestros orígenes relojeros. La esencia de los inicios de TOUS en una colección atemporal. Los acabados bicolor son perfectos para generar looks con nuestras colecciones de joyeríaTimeless,"TOUS, relojes, mujer",TOUS,143,159,1,sí,https://cloud-media.tous.com/medias/sys_master/images/h82/hc4/13620341538846/1200Wx1200H_product_3000136300-20240805140151/1200Wx1200H-product-3000136300-20240805140151.jpg | https://cloud-media.tous.com/medias/sys_master/images/hca/h75/13620343111710/1200Wx1200H_product_3000136300_2-20240805140152/1200Wx1200H-product-3000136300-2-20240805140152.jpg
REL009,700350165,Reloj analógico Icon Charms de acero IP dorado con nácar,Esfera: nácar,"TOUS, relojes, mujer",TOUS,206,229,1,sí, https://cloud-media.tous.com/medias/sys_master/images/h10/h6f/13240560943134/1200Wx1200H_product_700350165-20240314180115/1200Wx1200H-product-700350165-20240314180115.jpg | https://cloud-media.tous.com/medias/sys_master/images/hd6/hd1/13370330578974/1200Wx1200H_product_700350165_9-20240502190111/1200Wx1200H-product-700350165-9-20240502190111.jpg
REL010,200350500,Reloj analógico S-Mesh de acero inoxidable,Elegancia clásica y atemporal. Este reloj de acero inoxidable de la colección S-Mesh renueva el estilo de los modelos más clásicos aportando estilo y distinción a tu look.,"TOUS, relojes, mujer",TOUS,170,189,1,sí,https://cloud-media.tous.com/medias/sys_master/images/hca/h4b/13242366099486/1200Wx1200H_product_200350500-20240315120110/1200Wx1200H-product-200350500-20240315120110.jpg | https://cloud-media.tous.com/medias/sys_master/images/h18/h21/13350841581598/1200Wx1200H_product_200350500_9-20240425160056/1200Wx1200H-product-200350500-9-20240425160056.jpg
REL011,200350520,Reloj analógico T-Shine de acero IP dorado con zirconias cúbicas,Dorado con zirconias cúbicas,"TOUS, relojes, mujer",TOUS,260,289,1,sí,https://cloud-media.tous.com/medias/sys_master/images/h72/hb8/13242367148062/1200Wx1200H_product_200350520-20240315120110/1200Wx1200H-product-200350520-20240315120110.jpg | https://cloud-media.tous.com/medias/sys_master/images/h6a/h96/13362203033630/1200Wx1200H_product_200350520_9-20240429190100/1200Wx1200H-product-200350520-9-20240429190100.jpg
REL012,300358071,Reloj analógico con acero IPG dorado y brazalete de acero Karat Round,Reloj analógico con acero IPG dorado y brazalete de acero Karat Round,"TOUS, relojes, mujer",TOUS,314,349,1,sí,https://cloud-media.tous.com/medias/sys_master/images/h15/ha1/12492770312222/1200Wx1200H_product_300358071-20230712180039/1200Wx1200H-product-300358071-20230712180039.jpg | https://cloud-media.tous.com/medias/sys_master/images/h46/h7f/12492930777118/1200Wx1200H_product_300358071_5-20230712190037/1200Wx1200H-product-300358071-5-20230712190037.jpg
REL013,300358100,Reloj digital con brazalete de acero D-Logo New,"Reloj digital TOUS D-Logo New con brazalete de malla milanesa de acero. Funciones: hora, minutos, segundos, día, mes, día de la semana, cronógrafo 1/100 segundos y alarma. Impermeable a 3 ATM. Batería: 3V litio CR2016 / 1,69 gramos (litio 0,025 gramos). Cierre ajustable con seguridad.","TOUS, relojes, mujer",TOUS,125,139,1,sí,https://cloud-media.tous.com/medias/sys_master/images/heb/he8/12454200541214/1200Wx1200H_product_300358100-20230627180054/1200Wx1200H-product-300358100-20230627180054.jpg | https://cloud-media.tous.com/medias/sys_master/images/hfe/h11/12454202638366/1200Wx1200H_product_300358100_2-20230627180054/1200Wx1200H-product-300358100-2-20230627180054.jpg
REL014,200351021,Reloj digital con brazalete de acero D-Logo New,"Reloj digital TOUS D-Logo con brazalete de acero. Funciones: hora, minutos, segundos, día, mes, día de la semana, cronógrafo 1/100 segundos y alarma. Impermeable a 5 ATM.","TOUS, relojes, mujer",TOUS,134,149,1,sí,https://cloud-media.tous.com/medias/sys_master/images/ha1/h7b/11646571151390/product_200351021-20220922150021/product-200351021-20220922150021.jpg_1200Wx1200H | https://cloud-media.tous.com/medias/sys_master/images/heb/heb/13347327180830/1200Wx1200H_product_200351021_9-20240424130126/1200Wx1200H-product-200351021-9-20240424130126.jpg
REL015,200351092,Reloj smartwatch con correa de nylon y correa de silicona rosa palo T-Band,"Reloj smartwatch TOUS T-Band con doble correa intercambiable y caja de PC rosado. Correa de nylon con logo rapport en rosa sobre base negra y correa de silicona en color rosa palo con oso posicionado. Compatibilidad: Android 7.0 y iOS 12.0 o superior. Pantalla/LDC: táctil rectangular de 1,47 pulgadas TFT-DLC en color (Full Touch). Sistema operativo: RT OS. Conectividad: Bluetooth versión BLE 5.0. Memoria RAM: 128 kb, ROM Flash de 64 MB. Batería: 140 mAh, acumulador de batería 3.8V Litio/2,9 gr, recargable con cable magnético, 5-7 días en funcionamiento y 8-10 en reposo. Chipset: Realtek RTL8762CK y Frecuencia cardíaca: HRS 3300- ARM Cortex-M0 - 53MHz de velocidad. Impermeabilidad: IP68. Funciones: 5 Esferas TOUS y una puede ser intercambiada desde la TOUS WEAR APP, horas, minutos, mes, día, día de la semana, actividad diaria con contador de pasos, contador de calorías y distancia recorrida en millas o kilómetros, deportes (caminar, correr, senderismo, ciclismo, cinta/elíptica, yoga y basquetbol), frecuencia cardiaca, monitorización del sueño, presión sanguínea (aproximación), oxígeno en sangre (aproximación), notificaciones (llamadas, WhatsApp, email, SMS, Facebook, etc.), clima, función ovárica, cronógrafo 1/10 segundos, control música, encontrar móvil y control cámara. Cierre hebilla de aluminio.","TOUS, relojes, mujer",TOUS,125,139,1,sí,https://cloud-media.tous.com/medias/sys_master/images/h92/h16/12044187500574/product_200351092-20230206140045/product-200351092-20230206140045.jpg_1200Wx1200H | https://cloud-media.tous.com/medias/sys_master/images/h77/h45/12044191727646/product_200351092_3-20230206140045/product-200351092-3-20230206140045.jpg_1200Wx1200H
REL016,3000131400,Reloj digital con correa de silicona en color rosa y caja de acero TOUS B-Time,"Reloj digital TOUS B-Time con correa de silicona en color rosa y caja de acero inoxidable. Esfera: metálica / pantalla cristal líquido (LCD) con luz. Diámetro caja: 33,5mm x 33,5mm. Funciones: hora en 12 o 24 horas, minutos, segundos, día, mes i día de lasemana, señal horaria, cronógrafo 1/100 segundos, cuenta atrás y 5 alarmas. Impermeable a 3 ATM. Batería: 3V litio CR2025 / 2,5 gramos (litio 0,003 gramos). Cierre hebilla.","TOUS, relojes, mujer",TOUS,116,129,1,sí,https://cloud-media.tous.com/medias/sys_master/images/hde/h11/13024236011550/1200Wx1200H_product_3000131400-20240103100147/1200Wx1200H-product-3000131400-20240103100147.jpg | https://cloud-media.tous.com/medias/sys_master/images/h83/h8d/13024237584414/1200Wx1200H_product_3000131400_2-20240103100148/1200Wx1200H-product-3000131400-2-20240103100148.jpg
REL017,3000132160,Reloj analógico con brazalete de acero y caja de aluminio en color IPRG rosado TOUS S-Mesh Mirror,"Reloj analógico TOUS S-Mesh Mirror con brazalete de acero inoxidable y esfera en acero IPRG rosado. Esfera metal latón con efecto espejo. Dimensiones caja: 36 mm. Funciones: hora, minutos y segundos. Impermeable a 5 ATM. Batería: 1,55V Oxido de plata SR621SW / 0,25 gramos. Cristal: mineral facetado plano redondo. Movimiento analógico de cuarzo japonés. Cierre de malla milanesa con cierre de seguridad.","TOUS, relojes, mujer",TOUS,170,189,1,sí,https://cloud-media.tous.com/medias/sys_master/images/he2/h85/13024258097182/1200Wx1200H_product_3000132100-20240103100153/1200Wx1200H-product-3000132100-20240103100153.jpg | https://cloud-media.tous.com/medias/sys_master/images/hf2/hf2/13072186671134/1200Wx1200H_product_3000132100_2-20240118180140/1200Wx1200H-product-3000132100-2-20240118180140.jpg
REL018,300358060,Reloj analógico con acero IPRG rosa y brazalete de acero Karat Squared,"Reloj analógico TOUS Karat Squared de acero IPRG rosa con brazalete de acero 316L, dimensiones 32 x 40 mm y esfera de metal con cristales facetados en los índices. Funciones: hora y minutos. Impermeable a 3 ATM. Batería: 1,55V Oxido de plata SR626SW/0,3 gramos. Cristal mineral facetado plano cuadrado. Movimiento cuarzo japonés. Cierre de malla milanesa con seguridad.","TOUS, relojes, mujer",TOUS,170,189,1,sí,https://cloud-media.tous.com/medias/sys_master/images/h12/h2c/12492763562014/1200Wx1200H_product_300358060-20230712180037/1200Wx1200H-product-300358060-20230712180037.jpg | https://cloud-media.tous.com/medias/sys_master/images/h43/h41/12492764676126/515Wx515H_product_300358060_2-20230712180038/515Wx515H-product-300358060-2-20230712180038.jpg
REL019,3000135500,Reloj smartwatch con brazalete de acero IP iridiscente D-Connect,"La declinación inteligente de nuestro best-seller D-LOGO. Diferentes acabados que te ayudarán a crear tu total look más personal. Como novedad, presentamos el acabado iridiscente y esferas personalizables con tu Avatar.","TOUS, relojes, mujer",TOUS,179,199,1,sí,https://cloud-media.tous.com/medias/sys_master/images/hd1/hba/13620287078430/1200Wx1200H_product_3000135500-20240805140148/1200Wx1200H-product-3000135500-20240805140148.jpg | https://cloud-media.tous.com/medias/sys_master/images/h59/h47/13620288323614/515Wx515H_product_3000135500_2-20240805140148/515Wx515H-product-3000135500-2-20240805140148.jpg
REL020,900350400,Reloj analógico Heritage de acero IP dorado,Acero IP dorado,"TOUS, relojes, mujer",TOUS,179,199,1,sí,https://cloud-media.tous.com/medias/sys_master/images/h74/h02/13240661803038/515Wx515H_product_900350400-20240314180120/515Wx515H-product-900350400-20240314180120.jpg | https://cloud-media.tous.com/medias/sys_master/images/h03/hc6/13257985556510/1200Wx1200H_product_900350400_9-20240321172256/1200Wx1200H-product-900350400-9-20240321172256.jpg
REL021,300358200,Reloj analógico con brazalete de acero IP negro y acero IPRG rosa Icon Charms,"Reloj analógico TOUS Icon Charms con brazalete de acero IP negro y caja de acero IPRG rosa. Detalle oso y corazón en acero IRPG rosa en el brazalete de malla milanesa de IP negra. Diámetro: 29,5 mm y esfera de nácar negro. Funciones: hora y minutos. Impermeable a 5 ATM. Batería: 1,55V Oxido de plata SR621SW/0,3 gramos. Movimiento cuarzo japonés. Cierre de joyería.","TOUS, relojes, mujer",TOUS,224,249,1,sí,https://cloud-media.tous.com/medias/sys_master/images/hc7/hbf/13240546656286/515Wx515H_product_300358200-20240314180111/515Wx515H-product-300358200-20240314180111.jpg | https://cloud-media.tous.com/medias/sys_master/images/h39/h04/13240551571486/515Wx515H_product_300358200_2-20240314180112/515Wx515H-product-300358200-2-20240314180112.jpg
REL022,200351070,Reloj analógico con brazalete de acero y acero IPG dorado S-Band,"Marca mucho más que la hora con nuestro diseño de reloj analógico con brazalete de acero inoxidable, acero IPG dorado y esfera de metal, de la colección TOUS S-Band. Los relojes más ligeros y cosmopolitas que querrás llevar las 24 horas del día. ¡Será tuyo en cuestión de tiempo!","TOUS, relojes, mujer",TOUS,179,199,1,sí,https://cloud-media.tous.com/medias/sys_master/images/h6e/h03/12022536962078/product_200351070-20230130110025/product-200351070-20230130110025.jpg_1200Wx1200H | https://cloud-media.tous.com/medias/sys_master/images/h37/h90/12022543024158/product_200351070_2-20230130110025/product-200351070-2-20230130110025.jpg_1200Wx1200H
REL023,200351051,Reloj analógico con brazalete de acero IPG dorado Karat Squared,"Reloj analógico TOUS Karat Squared con brazalete de acero IPG dorado 316L, dimensiones 32 x 34 mm y esfera de metal con cristales facetados en los índices. Funciones: hora y minutos. Impermeable a 3 ATM. Batería: 1,55V Oxido de plata SR621SW/0,3 gramos. Movimiento cuarzo japonés. Cierre desplegable con pulsadores.","TOUS, relojes, mujer",TOUS,206,229,1,sí,https://cloud-media.tous.com/medias/sys_master/images/h7c/h80/12022388588574/product_200351051-20230130110022/product-200351051-20230130110022.jpg_515Wx515H | https://cloud-media.tous.com/medias/sys_master/images/h3c/h02/12022390423582/product_200351051_2-20230130110022/product-200351051-2-20230130110022.jpg_515Wx515H
REL024,3000140700,Reloj analógico bicolor con silueta oso y brazalete de acero T-Band Club,"Reloj analógico TOUS T-Band Club con brazalete de acero inoxidable y caja de acero dorado con la silueta de un oso en el interior. Diámetro caja: 26,5 mm x 44 mm. Esfera: nácar. Funciones: hora y minutos. Impermeable: 3 ATM. Brazalete: 16mm x 16mm x 87mm / 16mm x 16mm x 110mm. Cierre ajustable con cierre de seguridad.","TOUS, relojes, mujer",TOUS,143,159,1,sí,https://cloud-media.tous.com/medias/sys_master/images/h35/hfb/14488082808862/515Wx515H_product_3000140700-20250603110133/515Wx515H-product-3000140700-20250603110133.jpg | https://cloud-media.tous.com/medias/sys_master/images/h4a/h98/14151104528414/515Wx515H_product_3000140700_2-20250205110233/515Wx515H-product-3000140700-2-20250205110233.jpg
REL025,3000141500,"Reloj analógico con movimiento suizo, esfera de nácar y brazalete de eslabones de acero Tous Now Lady","Reloj analógico TOUS Now Lady con brazalete de acero inoxidable. Diámetro: 34,5 mm. Esfera: de nacar gris claro. Movimiento: analógico de cuarzo suizo. Cristal: zafiro redondo plano con recubrimiento antirreflejo. Centros de ejes: 5 rubies sintéticos. Funciones: hora, minutos y segundos. Impermeable a 10 ATM. Brazalete: 16mm x 16mm x 82mm. Cierre de mariposa con pulsadores.","TOUS, relojes, mujer",TOUS,242,269,1,sí,https://cloud-media.tous.com/medias/sys_master/images/he8/hce/14488216240158/515Wx515H_product_3000141500-20250603120147/515Wx515H-product-3000141500-20250603120147.jpg | https://cloud-media.tous.com/medias/sys_master/images/h5b/h09/14151299792926/515Wx515H_product_3000141500_2-20250205120220/515Wx515H-product-3000141500-2-20250205120220.jpg
REL026,3000139800,Reloj analógico con brazalete de acero dorado Karat Round Mesh,Reloj analógico TOUS Karat Round Mesh con brazalete de acero dorado. Diámetro: 36 mm. Esfera: con cristales facetados en los índices. Funciones: hora y minutos. Impermeable a 5 ATM. Movimiento analógico de cuarzo japonés. Brazalete: 20mm x 18mm x 70mm / 20mm x 18mm x 110mm. Cierre de malla milanesa ajustable con cierre de seguridad.,"TOUS, relojes, mujer",TOUS,179,199,1,sí,https://cloud-media.tous.com/medias/sys_master/images/ha3/hfd/14488079400990/515Wx515H_product_3000139800-20250603110132/515Wx515H-product-3000139800-20250603110132.jpg | https://cloud-media.tous.com/medias/sys_master/images/h56/hab/14151291863070/515Wx515H_product_3000139800_2-20250205120218/515Wx515H-product-3000139800-2-20250205120218.jpg
REL027,3000140000,Reloj analógico con brazalete gravado de acero dorado Lit,"Reloj analógico TOUS Lit con brazalete y caja de acero dorado con gravado. Diámetro caja: 35 mm x 43,5 mm. Esfera: de acero estampada. Cristal: mineral plano redondo. Funciones: hora, minutos y segundos. Movimiento: cuarzo japonés. Impermeable: 5 ATM. Brazalete: 22mm x 18mm x 73 mm / 22mm x 18mm x 73mm. Cierre desplegable con pulsadores.","TOUS, relojes, mujer",TOUS,179,199,1,sí,https://cloud-media.tous.com/medias/sys_master/images/ha8/hdc/14488207786014/515Wx515H_product_3000140000-20250603120144/515Wx515H-product-3000140000-20250603120144.jpg | https://cloud-media.tous.com/medias/sys_master/images/h9d/h67/14151088603166/515Wx515H_product_3000140000_2-20250205110231/515Wx515H-product-3000140000-2-20250205110231.jpg
REL028,3000140400,Reloj analógico con esfera de nácar y brazalete dorado T-Band Club,"Reloj analógico TOUS T-Band Club con brazalete y caja de acero inoxidable dorado. Diámetro caja: 26,5 mm x 44 mm. Esfera: nácar. Funciones: hora y minutos. Impermeable: 3 ATM. Brazalete: 16mm x 16mm x 87mm / 16mm x 16mm x 110mm. Cierre ajustable con cierre de seguridad.","TOUS, relojes, mujer",TOUS,152,169,1,sí,https://cloud-media.tous.com/medias/sys_master/images/h05/h2b/14488080908318/515Wx515H_product_3000140400-20250603110133/515Wx515H-product-3000140400-20250603110133.jpg | https://cloud-media.tous.com/medias/sys_master/images/h97/hd8/14151097974814/515Wx515H_product_3000140400_2-20250205110232/515Wx515H-product-3000140400-2-20250205110232.jpg
REL029,3000137200,Reloj analógico con brazalete acero IPG dorado Lit,"En el mundo de las redes sociales, “lit” expresa que algo es muy positivo y puede usarse como sinónimo de excelente o genial. Proviene de la conjugación en pasado del verbo inglés “to light"" que significa encender.","TOUS, relojes, mujer",TOUS,170,189,1,sí,https://cloud-media.tous.com/medias/sys_master/images/ha1/h6e/13620366376990/515Wx515H_product_3000137200-20240805140155/515Wx515H-product-3000137200-20240805140155.jpg | https://cloud-media.tous.com/medias/sys_master/images/hed/hc4/13620368146462/515Wx515H_product_3000137200_2-20240805140155/515Wx515H-product-3000137200-2-20240805140155.jpg
REL030,3000137000,"Reloj con movimiento suizo analógico de acero con 0,49 ct en diamantes y brazalete de piel negra Les Classiques","Los relojes más icónicos de la marca en versión Luxury, con correa de piel y diamantes en el bisel. Un tributo a nuestros orígenes relojeros, la esencia a de los inicios de TOUS en una colección","TOUS, relojes, mujer",TOUS,630,700,1,sí,https://cloud-media.tous.com/medias/sys_master/images/h21/h04/13620360806430/1200Wx1200H_product_3000137000-20240805140154/1200Wx1200H-product-3000137000-20240805140154.jpg | https://cloud-media.tous.com/medias/sys_master/images/haa/h64/13620361592862/515Wx515H_product_3000137000_2-20240805140154/515Wx515H-product-3000137000-2-20240805140154.jpg
REL031,3000136900,"Reloj con movimiento suizo analógico de acero con 0,54 ct en diamantes y brazalete de piel negra Les Classiques","Los relojes más icónicos de la marca en versión Luxury, con correa de piel y diamantes en el bisel. Un tributo a nuestros orígenes relojeros, la esencia a de los inicios de TOUS en una colección","TOUS, relojes, mujer",TOUS,675,750,1,sí,https://cloud-media.tous.com/medias/sys_master/images/hf5/h78/13620358545438/515Wx515H_product_3000136900-20240805140153/515Wx515H-product-3000136900-20240805140153.jpg | https://cloud-media.tous.com/medias/sys_master/images/h37/hdf/13620359430174/515Wx515H_product_3000136900_2-20240805140153/515Wx515H-product-3000136900-2-20240805140153.jpg
REL032,3000136800,"Reloj con movimiento suizo analógico de acero con 0,40 ct en diamantes y brazalete de piel negra Les Classiques","Los relojes más icónicos de la marca en versión Luxury, con correa de piel y diamantes en el bisel. Un tributo a nuestros orígenes relojeros, la esencia a de los inicios de TOUS en una colección eternamente elegante.","TOUS, relojes, mujer",TOUS,585,650,1,sí,https://cloud-media.tous.com/medias/sys_master/images/he3/h56/13620356677662/515Wx515H_product_3000136800-20240805140153/515Wx515H-product-3000136800-20240805140153.jpg | https://cloud-media.tous.com/medias/sys_master/images/hf4/h0e/13620357529630/515Wx515H_product_3000136800_2-20240805140153/515Wx515H-product-3000136800-2-20240805140153.jpg
,,,,,,,,,,
GAF001,es. 0RB3025,Ray Ban AVIATOR LARGE METAL,"Las gafas de sol Rayban Aviator han sido reinterpretadas una y otra vez a lo largo de los años, pero su espíritu inquebrantable permanece intacto. Desde las versiones clásicas hasta las ediciones especiales, cada par es una declaración de estilo que trasciende las tendencias pasajeras.","Ray-Ban, gafas, sol, hombre",Ray-Ban,163,,1,sí,https://images2.ray-ban.com//cdn-record-files-pi/f2a2b356-cf47-4e4c-bd0e-a35900057b03/453350a3-3444-4336-95dd-ad1b007c0da8/0RB3025__L0205__STD__shad__qt.png?impolicy=RB_Product_clone&width=720&bgc=%23f2f2f2 | https://images2.ray-ban.com//cdn-record-files-pi/f2a2b356-cf47-4e4c-bd0e-a35900057b03/d50aff28-bfb5-44a3-bce5-ad1b007c1ac5/0RB3025__L0205__STD__shad__fr.png?impolicy=RB_Product_clone&width=720&bgc=%23f2f2f2 | https://images2.ray-ban.com//cdn-record-files-pi/f2a2b356-cf47-4e4c-bd0e-a35900057b03/8fc1069f-8780-4bda-a838-ad1b007c18cb/0RB3025__L0205__STD__shad__bk.png?impolicy=RB_Product_clone&width=720&bgc=%23f2f2f2
GAF002,es. 0RB4940,Ray Ban WAYFARER PUFFER,,"Ray-Ban, gafas, sol, hombre",Ray-Ban,173,,1,sí,https://images2.ray-ban.com//cdn-record-files-pi/cf751e15-6248-4106-b043-b299017b7fab/b47a4d41-23e9-4b34-b1ad-b29901818139/0RB4940__601_87__P21__shad__fr.png?impolicy=RB_Product_clone&width=720&bgc=%23f2f2f2 | https://images2.ray-ban.com//cdn-record-files-pi/cf751e15-6248-4106-b043-b299017b7fab/0130e1f7-e50c-46c5-b119-b2990181828f/0RB4940__601_87__P21__shad__lt.png?impolicy=RB_Product_clone&width=720&bgc=%23f2f2f2 | https://images2.ray-ban.com//cdn-record-files/dressedon/595246cd-5c80-4c5e-a37f-b302007b563c/0RB4940__601_87__SHOOT__om1.png
GAF003,es. 0RB2140,Ray Ban ORIGINAL WAYFARER CLASSIC,,"Ray-Ban, gafas, sol, hombre",Ray-Ban,213,,1,sí,https://images2.ray-ban.com//cdn-record-files-pi/cffd73dc-8021-4268-80e3-a35800041c9c/38beb367-52eb-4550-8acc-acfd008aeae6/0RB2140__901_58__STD__shad__qt.png?impolicy=RB_Product_clone&width=720&bgc=%23f2f2f2 | https://images2.ray-ban.com//cdn-record-files-pi/cffd73dc-8021-4268-80e3-a35800041c9c/2c4ac045-1802-40ae-8032-acfd008af83f/0RB2140__901_58__STD__shad__fr.png?impolicy=RB_Product_clone&width=720&bgc=%23f2f2f2 | https://images2.ray-ban.com//cdn-record-files-pi/cffd73dc-8021-4268-80e3-a35800041c9c/bd485dbf-b62f-44f7-8fb8-acfd008af681/0RB2140__901_58__STD__shad__bk.png?impolicy=RB_Product_clone&width=720&bgc=%23f2f2f2
GAF004,es. 0RB2140,Ray Ban ORIGINAL WAYFARER CLASSIC,,"Ray-Ban, gafas, sol, hombre",Ray-Ban,,,1,sí,
GAF005,es. 0RB2140,Ray Ban ORIGINAL WAYFARER CLASSIC,,"Ray-Ban, gafas, sol, hombre",Ray-Ban,,,1,sí,
GAF006,es. 0RB2140,Ray Ban ORIGINAL WAYFARER CLASSIC,,"Ray-Ban, gafas, sol, hombre",Ray-Ban,,,1,sí,
GAF007,es. 0RB2140,Ray Ban ORIGINAL WAYFARER CLASSIC,,"Ray-Ban, gafas, sol, hombre",Ray-Ban,,,1,sí,
GAF008,es. 0RB2140,Ray Ban ORIGINAL WAYFARER CLASSIC,,"Ray-Ban, gafas, sol, hombre",Ray-Ban,,,1,sí,
GAF009,es. 0RB4840S,Ray Ban,,"Ray-Ban, gafas, sol, hombre",Ray-Ban,,,1,sí,
GAF010,es. 0RB4840S,Ray Ban,,"Ray-Ban, gafas, sol, hombre",Ray-Ban,,,1,sí,
GAF011,es. 0RB2140,Ray Ban,,"Ray-Ban, gafas, sol, hombre",Ray-Ban,,,1,sí,
GAF012,es. 0RB2186,Ray Ban,,"Ray-Ban, gafas, sol, hombre",Ray-Ban,,,1,sí,
GAF013,es. 0RB2186,Ray Ban,,"Ray-Ban, gafas, sol, hombre",Ray-Ban,,,1,sí,
GAF014,es. 0RB2186,Ray Ban,,"Ray-Ban, gafas, sol, hombre",Ray-Ban,,,1,sí,
GAF015,es. 0RB2186,Ray Ban,,"Ray-Ban, gafas, sol, hombre",Ray-Ban,,,1,sí,
GAF016,es. 0RB2186,Ray Ban,,"Ray-Ban, gafas, sol, hombre",Ray-Ban,,,1,sí,
GAF017,es. 0RB2186,Ray Ban,,"Ray-Ban, gafas, sol, hombre",Ray-Ban,,,1,sí,
GAF018,es. 0RB2186,Ray Ban,,"Ray-Ban, gafas, sol, hombre",Ray-Ban,,,1,sí,
GAF019,es. 0RB2186,Ray Ban,,"Ray-Ban, gafas, sol, hombre",Ray-Ban,,,1,sí,
GAF020,es. 0RB2186,Ray Ban,,"Ray-Ban, gafas, sol, hombre",Ray-Ban,,,1,sí,
GAF021,es. 0RB2186,Ray Ban,,"Ray-Ban, gafas, sol, hombre",Ray-Ban,,,1,sí,
GAF022,es. 0RB2186,Ray Ban,,"Ray-Ban, gafas, sol, hombre",Ray-Ban,,,1,sí,
GAF023,es. 0RB4340,Ray Ban,,"Ray-Ban, gafas, sol, hombre",Ray-Ban,,,1,sí,
GAF024,es. 0RB4340,Ray Ban,,"Ray-Ban, gafas, sol, hombre",Ray-Ban,,,1,sí,
GAF025,es. 0RB4340,Ray Ban,,"Ray-Ban, gafas, sol, hombre",Ray-Ban,,,1,sí,
GAF026,es. 0RB4340,Ray Ban,,"Ray-Ban, gafas, sol, hombre",Ray-Ban,,,1,sí,
GAF027,es. 0RB4323,Ray Ban,,"Ray-Ban, gafas, sol, hombre",Ray-Ban,,,1,sí,
GAF028,es. 0RB4323,Ray Ban,,"Ray-Ban, gafas, sol, hombre",Ray-Ban,,,1,sí,
GAF029,es. 0RB4323,Ray Ban,,"Ray-Ban, gafas, sol, hombre",Ray-Ban,,,1,sí,
GAF030,es. 0RB4187,Ray Ban,,"Ray-Ban, gafas, sol, hombre",Ray-Ban,,,1,sí,
GAF031,es. 0RB4187,Ray Ban,,"Ray-Ban, gafas, sol, hombre",Ray-Ban,,,1,sí,
GAF032,es. 0RB4187,Ray Ban,,"Ray-Ban, gafas, sol, hombre",Ray-Ban,,,1,sí,
GAF033,es. 0RB4187,Ray Ban,,"Ray-Ban, gafas, sol, hombre",Ray-Ban,,,1,sí,
GAF034,es. 0RB4187,Ray Ban,,"Ray-Ban, gafas, sol, hombre",Ray-Ban,,,1,sí,
GAF035,es. 0RB4171,Ray Ban,,"Ray-Ban, gafas, sol, hombre",Ray-Ban,,,1,sí,
GAF036,es. 0RB4171,Ray Ban,,"Ray-Ban, gafas, sol, hombre",Ray-Ban,,,1,sí,
GAF037,es. 0RB4171,Ray Ban,,"Ray-Ban, gafas, sol, hombre",Ray-Ban,,,1,sí,
GAF038,es. 0RB4165,Ray Ban,,"Ray-Ban, gafas, sol, hombre",Ray-Ban,,,1,sí,
GAF039,es. 0RB4165,Ray Ban,,"Ray-Ban, gafas, sol, hombre",Ray-Ban,,,1,sí,
GAF040,es. 0RB4165,Ray Ban,,"Ray-Ban, gafas, sol, hombre",Ray-Ban,,,1,sí,
GAF041,es. 0RB2216,Ray Ban,,"Ray-Ban, gafas, sol, hombre",Ray-Ban,,,1,sí,
GAF042,"es, 0RB2216",Ray Ban,,"Ray-Ban, gafas, sol, hombre",Ray-Ban,,,1,sí,
GAF043,es. 0RB2216,Ray Ban,,"Ray-Ban, gafas, sol, hombre",Ray-Ban,,,1,sí,
GAF044,es. 0RB4466D,Ray Ban,,"Ray-Ban, gafas, sol, hombre",Ray-Ban,,,1,sí,
GAF045,es. 0RB2283,Ray Ban,,"Ray-Ban, gafas, sol, hombre",Ray-Ban,,,1,sí,
GAF046,es. 0RB4454,Ray Ban,,"Ray-Ban, gafas, sol, hombre",Ray-Ban,,,1,sí,
GAF047,es. 0RB0840S,Ray Ban,,"Ray-Ban, gafas, sol, hombre",Ray-Ban,,,1,sí,
GAF048,es. 0RB0840S,Ray Ban,,"Ray-Ban, gafas, sol, hombre",Ray-Ban,,,1,sí,
GAF049,es. 0RB0840S,Ray Ban,,"Ray-Ban, gafas, sol, hombre",Ray-Ban,,,1,sí,
GAF050,es. 0RB2289,Ray Ban,,"Ray-Ban, gafas, sol, hombre",Ray-Ban,,,1,sí,
GAF051,es. 0RB2180,Ray Ban,,"Ray-Ban, gafas, sol, hombre",Ray-Ban,,,1,sí,
GAF052,es. 0RB2180,Ray Ban,,"Ray-Ban, gafas, sol, hombre",Ray-Ban,,,1,sí,
GAF053,es. 0RB2180,Ray Ban,,"Ray-Ban, gafas, sol, hombre",Ray-Ban,,,1,sí,
GAF054,es. 0Rb2180,Ray Ban,,"Ray-Ban, gafas, sol, hombre",Ray-Ban,,,1,sí,
GAF055,es. 0RB4147,Ray Ban,,"Ray-Ban, gafas, sol, hombre",Ray-Ban,,,1,sí,
GAF056,es. 0RB4147,Ray Ban,,"Ray-Ban, gafas, sol, hombre",Ray-Ban,,,1,sí,
GAF057,es. 0RB4147,Ray Ban,,"Ray-Ban, gafas, sol, hombre",Ray-Ban,,,1,sí,
GAF058,es. 0RB4396,Ray Ban,,"Ray-Ban, gafas, sol, hombre",Ray-Ban,,,1,sí,
GAF059,es. 0Rb2241,Ray Ban,,"Ray-Ban, gafas, sol, hombre",Ray-Ban,,,1,sí,
GAF060,es. 0Rb2241,Ray Ban,,"Ray-Ban, gafas, sol, hombre",Ray-Ban,,,1,sí,
GAF061,es. 0Rb2241,Ray Ban,,"Ray-Ban, gafas, sol, hombre",Ray-Ban,,,1,sí,
GAF062,es. 0RB502S,Ray Ban,,"Ray-Ban, gafas, sol, hombre",Ray-Ban,,,1,sí,
GAF063,es. 0RB502S,Ray Ban,,"Ray-Ban, gafas, sol, hombre",Ray-Ban,,,1,sí,
GAF064,es. 0RB502S,Ray Ban,,"Ray-Ban, gafas, sol, hombre",Ray-Ban,,,1,sí,
GAF065,es. 0Rb2240,Ray Ban,,"Ray-Ban, gafas, sol, hombre",Ray-Ban,,,1,sí,
GAF066,es. 0RB4455,Ray Ban,,"Ray-Ban, gafas, sol, hombre",Ray-Ban,,,1,sí,
GAF067,es. 0RB4430,Ray Ban,,"Ray-Ban, gafas, sol, hombre",Ray-Ban,,,1,sí,
GAF068,es. 0RB4430,Ray Ban,,"Ray-Ban, gafas, sol, hombre",Ray-Ban,,,1,sí,
GAF069,es. 0RB4430,Ray Ban,,"Ray-Ban, gafas, sol, hombre",Ray-Ban,,,1,sí,
GAF070,es. 0RB4430,Ray Ban,,"Ray-Ban, gafas, sol, hombre",Ray-Ban,,,1,sí,
GAF071,es. 0Rb2221,Ray Ban,,"Ray-Ban, gafas, sol, hombre",Ray-Ban,,,1,sí,
GAF072,es. 0RB0707S,Ray Ban,,"Ray-Ban, gafas, sol, hombre",Ray-Ban,,,1,sí,
GAF073,es. 0RB4385,Ray Ban,,"Ray-Ban, gafas, sol, hombre",Ray-Ban,,,1,sí,
GAF074,es. 0RB4385,Ray Ban,,"Ray-Ban, gafas, sol, hombre",Ray-Ban,,,1,sí,
GAF075,es. 0RB2447,Ray Ban,,"Ray-Ban, gafas, sol, hombre",Ray-Ban,,,1,sí,
GAF076,es. 0RB2447,Ray Ban,,"Ray-Ban, gafas, sol, hombre",Ray-Ban,,,1,sí,
GAF077,es. 0RB2193,Ray Ban,,"Ray-Ban, gafas, sol, hombre",Ray-Ban,,,1,sí,
GAF078,es. 0RB2197,Ray Ban,,"Ray-Ban, gafas, sol, hombre",Ray-Ban,,,1,sí,
GAF079,es. 0RB2188,Ray Ban,,"Ray-Ban, gafas, sol, hombre",Ray-Ban,,,1,sí,
GAF080,es. 0RB2188,Ray Ban,,"Ray-Ban, gafas, sol, hombre",Ray-Ban,,,1,sí,
GAF081,es. 0RB1971,Ray Ban,,"Ray-Ban, gafas, sol, hombre",Ray-Ban,,,1,sí,
GAF082,es. 0RB1971,Ray Ban,,"Ray-Ban, gafas, sol, hombre",Ray-Ban,,,1,sí,
GAF083,es. 0R0504S,Ray Ban,,"Ray-Ban, gafas, sol, hombre",Ray-Ban,,,1,sí,
GAF084,es. 0RB3016,Ray Ban,,"Ray-Ban, gafas, sol, hombre",Ray-Ban,,,1,sí,
GAF085,es. 0RB3016,Ray Ban,,"Ray-Ban, gafas, sol, hombre",Ray-Ban,,,1,sí,
GAF086,es. 0RB3016,Ray Ban,,"Ray-Ban, gafas, sol, hombre",Ray-Ban,,,1,sí,
GAF087,es. 0RB1972,Ray Ban,,"Ray-Ban, gafas, sol, hombre",Ray-Ban,,,1,sí,
GAF088,es. 0RB3025,Ray Ban,,"Ray-Ban, gafas, sol, hombre",Ray-Ban,,,1,sí,
GAF089,es. 0RB3025,Ray Ban,,"Ray-Ban, gafas, sol, hombre",Ray-Ban,,,1,sí,
GAF090,es. 0RB3025,Ray Ban,,"Ray-Ban, gafas, sol, hombre",Ray-Ban,,,1,sí,
GAF091,es. 0RB3025,Ray Ban,,"Ray-Ban, gafas, sol, hombre",Ray-Ban,,,1,sí,
GAF092,es. 0RB3025,Ray Ban,,"Ray-Ban, gafas, sol, hombre",Ray-Ban,,,1,sí,
GAF093,es. 0RB3025,Ray Ban,,"Ray-Ban, gafas, sol, hombre",Ray-Ban,,,1,sí,
GAF094,es. 0RB3025,Ray Ban,,"Ray-Ban, gafas, sol, hombre",Ray-Ban,,,1,sí,
GAF095,es. 0RB3548N,Ray Ban,,"Ray-Ban, gafas, sol, hombre",Ray-Ban,,,1,sí,
GAF096,es. 0RB3548N,Ray Ban,,"Ray-Ban, gafas, sol, hombre",Ray-Ban,,,1,sí,
GAF097,es. 0RB3548N,Ray Ban,,"Ray-Ban, gafas, sol, hombre",Ray-Ban,,,1,sí,
GAF098,es. 0RB3548,Ray Ban,,"Ray-Ban, gafas, sol, hombre",Ray-Ban,,,1,sí,
GAF099,es. 0RB3556N,Ray Ban,,"Ray-Ban, gafas, sol, hombre",Ray-Ban,,,1,sí,
GAF100,es. 0RB3857,Ray Ban,,"Ray-Ban, gafas, sol, hombre",Ray-Ban,,,1,sí,
GAF101,es. 0Rb3447,Ray Ban,,"Ray-Ban, gafas, sol, hombre",Ray-Ban,,,1,sí,
GAF102,es. 0Rb3447,Ray Ban,,"Ray-Ban, gafas, sol, hombre",Ray-Ban,,,1,sí,
GAF103,es. 0Rb3447,Ray Ban,,"Ray-Ban, gafas, sol, hombre",Ray-Ban,,,1,sí,
GAF104,es. 0RB3647N,Ray Ban,,"Ray-Ban, gafas, sol, hombre",Ray-Ban,,,1,sí,
GAF105,es. 0RB3694,Ray Ban,,"Ray-Ban, gafas, sol, hombre",Ray-Ban,,,1,sí,
GAF106,es. 0RB3737,Ray Ban,,"Ray-Ban, gafas, sol, hombre",Ray-Ban,,,1,sí,
GAF107,es. 0RB0103S,Ray Ban,,"Ray-Ban, gafas, sol, hombre",Ray-Ban,,,1,sí,
GAF108,es. 0RB3875,Ray Ban,,"Ray-Ban, gafas, sol, hombre",Ray-Ban,,,1,sí,
,,,,,,,,,,
BOLS001,2002303321,Saca burdeos TOUS City,,"TOUS, bolsos",TOUS,179,199,1,sí,https://cloud-media.tous.com/medias/sys_master/images/hd4/h1c/14868531085342/515Wx515H_product_2002303321-20251006170311/515Wx515H-product-2002303321-20251006170311.jpg | https://cloud-media.tous.com/medias/sys_master/images/h68/h60/14868820197406/515Wx515H_product_2002303321_5-20251006180223/515Wx515H-product-2002303321-5-20251006180223.jpg | https://cloud-media.tous.com/medias/sys_master/images/h88/hc2/14868822425630/515Wx515H_product_2002303321_6-20251006180223/515Wx515H-product-2002303321-6-20251006180223.jpg
BOLS002,2002303343,Saca topo TOUS City,,"TOUS, bolsos",TOUS,179,199,1,sí,https://cloud-media.tous.com/medias/sys_master/images/hbd/h85/14868532002846/515Wx515H_product_2002303343-20251006170311/515Wx515H-product-2002303343-20251006170311.jpg | https://cloud-media.tous.com/medias/sys_master/images/hd9/hda/14868826161182/515Wx515H_product_2002303343_5-20251006180224/515Wx515H-product-2002303343-5-20251006180224.jpg | https://cloud-media.tous.com/medias/sys_master/images/h6f/h1b/14868829241374/515Wx515H_product_2002303343_6-20251006180224/515Wx515H-product-2002303343-6-20251006180224.jpg
BOLS003,2002308621,Saca de piel burdeos TOUS Fold,,"TOUS, bolsos",TOUS,269,299,1,sí,https://cloud-media.tous.com/medias/sys_master/images/haa/h2c/14876981231646/515Wx515H_product_2002308621-20251010140358/515Wx515H-product-2002308621-20251010140358.jpg | https://cloud-media.tous.com/medias/sys_master/images/h06/hc2/14889787392030/515Wx515H_product_2002308621_5-20251016130211/515Wx515H-product-2002308621-5-20251016130211.jpg | https://cloud-media.tous.com/medias/sys_master/images/h31/h59/14889788309534/515Wx515H_product_2002308621_6-20251016130211/515Wx515H-product-2002308621-6-20251016130211.jpg
BOLS004,2002305021,"Mini bolso burdeos TOUS Puffy Bear
",,"TOUS, bolsos",TOUS,134,149,1,sí,https://cloud-media.tous.com/medias/sys_master/images/h5c/h17/14868548747294/515Wx515H_product_2002305021-20251006170313/515Wx515H-product-2002305021-20251006170313.jpg | https://cloud-media.tous.com/medias/sys_master/images/hc7/hb7/14868908638238/515Wx515H_product_2002305021_5-20251006180239/515Wx515H-product-2002305021-5-20251006180239.jpg | https://cloud-media.tous.com/medias/sys_master/images/hcd/h61/14868909096990/515Wx515H_product_2002305021_6-20251006180239/515Wx515H-product-2002305021-6-20251006180239.jpg
BOLS005,2002305051,Mini bolso negro TOUS Puffy Bear,,"TOUS, bolsos",TOUS,134,149,1,sí,https://cloud-media.tous.com/medias/sys_master/images/hce/h10/14868918403102/515Wx515H_product_2002305051_9-20251006180240/515Wx515H-product-2002305051-9-20251006180240.jpg | https://cloud-media.tous.com/medias/sys_master/images/h2b/h4c/14868549599262/515Wx515H_product_2002305051-20251006170313/515Wx515H-product-2002305051-20251006170313.jpg | https://cloud-media.tous.com/medias/sys_master/images/hed/h77/14868914864158/515Wx515H_product_2002305051_6-20251006180240/515Wx515H-product-2002305051-6-20251006180240.jpg
BOLS006,2002192245,City mediano arena TOUS Brenda,,"TOUS, bolsos",TOUS,161,179,1,sí,https://cloud-media.tous.com/medias/sys_master/images/h31/hec/14868473413662/515Wx515H_product_2002192245-20251006170259/515Wx515H-product-2002192245-20251006170259.jpg | https://cloud-media.tous.com/medias/sys_master/images/h13/h55/14868476559390/515Wx515H_product_2002192245_5-20251006170300/515Wx515H-product-2002192245-5-20251006170300.jpg | https://cloud-media.tous.com/medias/sys_master/images/hee/hb4/14868477280286/515Wx515H_product_2002192245_6-20251006170300/515Wx515H-product-2002192245-6-20251006170300.jpg | https://cloud-media.tous.com/medias/sys_master/images/h54/h1b/14868475379742/515Wx515H_product_2002192245_2-20251006170300/515Wx515H-product-2002192245-2-20251006170300.jpg
BOLS007,2002105943,Minibolso Pop arena TOUS Brenda,,"TOUS, bolsos",TOUS,89,99,1,sí,https://cloud-media.tous.com/medias/sys_master/images/hd0/h83/14868437434398/515Wx515H_product_2002105943_9-20251006170251/515Wx515H-product-2002105943-9-20251006170251.jpg | https://cloud-media.tous.com/medias/sys_master/images/h48/hf7/14868436189214/515Wx515H_product_2002105943-20251006170250/515Wx515H-product-2002105943-20251006170250.jpg | https://cloud-media.tous.com/medias/sys_master/images/hd0/hb2/14868435730462/515Wx515H_product_2002105943_6-20251006170251/515Wx515H-product-2002105943-6-20251006170251.jpg
BOLS008,2002105933,Mini bolso Pop azul marino TOUS Brenda,,"TOUS, bolsos",TOUS,89,99,1,sí,https://cloud-media.tous.com/medias/sys_master/images/h29/h9e/13345257783326/515Wx515H_product_2002105933-20240423190127/515Wx515H-product-2002105933-20240423190127.jpg | https://cloud-media.tous.com/medias/sys_master/images/h2e/hf5/13345258831902/515Wx515H_product_2002105933_2-20240423190128/515Wx515H-product-2002105933-2-20240423190128.jpg | https://cloud-media.tous.com/medias/sys_master/images/h25/h99/13345259421726/515Wx515H_product_2002105933_3-20240423190128/515Wx515H-product-2002105933-3-20240423190128.jpg | https://cloud-media.tous.com/medias/sys_master/images/hb5/h85/13345260666910/515Wx515H_product_2002105933_6-20240423190128/515Wx515H-product-2002105933-6-20240423190128.jpg
BOLS009,2002105944,Minibolso Pop camel TOUS Brenda,,"TOUS, bolsos",TOUS,89,99,1,sí,https://cloud-media.tous.com/medias/sys_master/images/h7e/hbb/14406303907870/515Wx515H_product_2002105944-20250505150058/515Wx515H-product-2002105944-20250505150058.jpg | https://cloud-media.tous.com/medias/sys_master/images/he4/h07/14406305480734/515Wx515H_product_2002105944_2-20250505150058/515Wx515H-product-2002105944-2-20250505150058.jpg | https://cloud-media.tous.com/medias/sys_master/images/h1e/hfd/14731124178974/515Wx515H_product_2002105944_5-20250804140234/515Wx515H-product-2002105944-5-20250804140234.jpg
BOLS010,2002304951,Bolso de hombro mediano negro TOUS Puffy bear,,"TOUS, bolsos",TOUS,152,169,1,sí,https://cloud-media.tous.com/medias/sys_master/images/h8c/h26/14868895399966/515Wx515H_product_2002304951_5-20251006180237/515Wx515H-product-2002304951-5-20251006180237.jpg | https://cloud-media.tous.com/medias/sys_master/images/h42/h8f/14868547305502/515Wx515H_product_2002304951-20251006170313/515Wx515H-product-2002304951-20251006170313.jpg | https://cloud-media.tous.com/medias/sys_master/images/hba/h40/14868894416926/515Wx515H_product_2002304951_2-20251006180236/515Wx515H-product-2002304951-2-20251006180236.jpg
BOLS011,2002304921,Bolso de hombro mediano burdeos TOUS Puffy bear,,"TOUS, bolsos",TOUS,152,169,0,sí,https://cloud-media.tous.com/medias/sys_master/images/h1d/h3c/14868886487070/515Wx515H_product_2002304921_9-20251006180235/515Wx515H-product-2002304921-9-20251006180235.jpg | https://cloud-media.tous.com/medias/sys_master/images/hfa/h96/14868883931166/515Wx515H_product_2002304921_2-20251006180234/515Wx515H-product-2002304921-2-20251006180234.jpg | https://cloud-media.tous.com/medias/sys_master/images/h80/ha9/14868542095390/515Wx515H_product_2002304921-20251006170313/515Wx515H-product-2002304921-20251006170313.jpg
BOLS012,2002303251,Bandolera pequeña negra TOUS City,,"TOUS, bolsos",TOUS,134,149,1,sí,https://cloud-media.tous.com/medias/sys_master/images/h31/hd3/14670758838302/515Wx515H_product_2002303251_9-20250710210147/515Wx515H-product-2002303251-9-20250710210147.jpg | https://cloud-media.tous.com/medias/sys_master/images/h7e/h87/14547446497310/515Wx515H_product_2002303251_2-20250617220225/515Wx515H-product-2002303251-2-20250617220225.jpg | https://cloud-media.tous.com/medias/sys_master/images/h4a/hed/14670615019550/515Wx515H_product_2002303251_5-20250710200154/515Wx515H-product-2002303251-5-20250710200154.jpg
BOLS013,2002303243,Bandolera pequeña topo TOUS City,,"TOUS, bolsos",TOUS,134,149,1,sí,https://cloud-media.tous.com/medias/sys_master/images/h98/h73/14670422999070/515Wx515H_product_2002303243_9-20250710190153/515Wx515H-product-2002303243-9-20250710190153.jpg | https://cloud-media.tous.com/medias/sys_master/images/hfb/h3a/14547443482654/515Wx515H_product_2002303243_2-20250617220225/515Wx515H-product-2002303243-2-20250617220225.jpg | https://cloud-media.tous.com/medias/sys_master/images/h9c/hb0/14670614298654/515Wx515H_product_2002303243_5-20250710200154/515Wx515H-product-2002303243-5-20250710200154.jpg
BOLS014,2002302921,Bandolera mediana burdeos TOUS City,,"TOUS, bolsos",TOUS,152,169,1,sí,https://cloud-media.tous.com/medias/sys_master/images/ha3/h5b/14529707769886/515Wx515H_product_2002302921_9-20250611200135/515Wx515H-product-2002302921-9-20250611200135.jpg | https://cloud-media.tous.com/medias/sys_master/images/he8/h42/14547579142174/515Wx515H_product_2002302921_2-20250617230245/515Wx515H-product-2002302921-2-20250617230245.jpg | https://cloud-media.tous.com/medias/sys_master/images/hf2/hd7/14529641054238/515Wx515H_product_2002302921_5-20250611200135/515Wx515H-product-2002302921-5-20250611200135.jpg
BOLS015,2002306451,Saca mediana de piel negra TOUS Hold,,"TOUS, bolsos",TOUS,269,299,1,sí,https://cloud-media.tous.com/medias/sys_master/images/hc1/hae/14868553990174/515Wx515H_product_2002306451-20251006170314/515Wx515H-product-2002306451-20251006170314.jpg | https://cloud-media.tous.com/medias/sys_master/images/h72/he4/14868936687646/515Wx515H_product_2002306451_2-20251006180244/515Wx515H-product-2002306451-2-20251006180244.jpg | https://cloud-media.tous.com/medias/sys_master/images/h74/hb9/14868937408542/515Wx515H_product_2002306451_5-20251006180244/515Wx515H-product-2002306451-5-20251006180244.jpg
BOLS016,2002306421,Saca mediana de piel burdeos TOUS Hold,,"TOUS, bolsos",TOUS,269,299,1,sí,https://cloud-media.tous.com/medias/sys_master/images/h08/hae/14868929675294/515Wx515H_product_2002306421_9-20251006180242/515Wx515H-product-2002306421-9-20251006180242.jpg | https://cloud-media.tous.com/medias/sys_master/images/hf7/h7a/14868927578142/515Wx515H_product_2002306421_2-20251006180242/515Wx515H-product-2002306421-2-20251006180242.jpg | https://cloud-media.tous.com/medias/sys_master/images/h40/h25/14868551958558/515Wx515H_product_2002306421-20251006170314/515Wx515H-product-2002306421-20251006170314.jpg
BOLS017,2002306949,Capazo grande reversible topo TOUS Double Way Bear,,"TOUS, bolsos",TOUS,179,199,1,sí,https://cloud-media.tous.com/medias/sys_master/images/hb2/h08/14869006843934/515Wx515H_product_2002306949_7-20251006180256/515Wx515H-product-2002306949-7-20251006180256.jpg | https://cloud-media.tous.com/medias/sys_master/images/hfe/hf0/14869004222494/515Wx515H_product_2002306949_4-20251006180255/515Wx515H-product-2002306949-4-20251006180255.jpg | https://cloud-media.tous.com/medias/sys_master/images/h59/ha2/14869003173918/515Wx515H_product_2002306949_2-20251006180255/515Wx515H-product-2002306949-2-20251006180255.jpg | https://cloud-media.tous.com/medias/sys_master/images/h16/h57/14869007564830/515Wx515H_product_2002306949_9-20251006180256/515Wx515H-product-2002306949-9-20251006180256.jpg | https://cloud-media.tous.com/medias/sys_master/images/hc3/h2f/14868564279326/515Wx515H_product_2002306949-20251006170316/515Wx515H-product-2002306949-20251006170316.jpg
BOLS018,2002306941,Capazo grande reversible caqui TOUS Double Way Manifesto,,"TOUS, bolsos",TOUS,179,199,1,sí,https://cloud-media.tous.com/medias/sys_master/images/h8c/h8f/14868563558430/515Wx515H_product_2002306941-20251006170316/515Wx515H-product-2002306941-20251006170316.jpg | https://cloud-media.tous.com/medias/sys_master/images/h51/heb/14868994523166/515Wx515H_product_2002306941_4-20251006180253/515Wx515H-product-2002306941-4-20251006180253.jpg | https://cloud-media.tous.com/medias/sys_master/images/he0/h1e/14868992753694/515Wx515H_product_2002306941_2-20251006180253/515Wx515H-product-2002306941-2-20251006180253.jpg | https://cloud-media.tous.com/medias/sys_master/images/hc0/h40/14868996554782/515Wx515H_product_2002306941_6-20251006180254/515Wx515H-product-2002306941-6-20251006180254.jpg | https://cloud-media.tous.com/medias/sys_master/images/hf7/hb7/14868995178526/515Wx515H_product_2002306941_5-20251006180254/515Wx515H-product-2002306941-5-20251006180254.jpg
BOLS019,2002206051,City grande negro TOUS Poppy,,"TOUS, bolsos",TOUS,179,199,1,sí,https://cloud-media.tous.com/medias/sys_master/images/hb4/h93/14112538853406/515Wx515H_product_2002206051_9-20250122150124/515Wx515H-product-2002206051-9-20250122150124.jpg | https://cloud-media.tous.com/medias/sys_master/images/h86/he7/14112537083934/515Wx515H_product_2002206051_2-20250122150124/515Wx515H-product-2002206051-2-20250122150124.jpg | https://cloud-media.tous.com/medias/sys_master/images/he4/hfb/14112537673758/515Wx515H_product_2002206051_5-20250122150124/515Wx515H-product-2002206051-5-20250122150124.jpg | https://cloud-media.tous.com/medias/sys_master/images/h11/ha8/14112538263582/515Wx515H_product_2002206051_6-20250122150124/515Wx515H-product-2002206051-6-20250122150124.jpg
BOLS020,2002308149,CAPAZO MEDIANO REVERSIBLE TOUS DOUBLE-WAY BEAR TOPO,,"TOUS, bolsos",TOUS,161,179,1,sí,https://cloud-media.tous.com/medias/sys_master/images/h37/h9a/14868571357214/515Wx515H_product_2002308149-20251006170317/515Wx515H-product-2002308149-20251006170317.jpg | https://cloud-media.tous.com/medias/sys_master/images/h71/h54/14869052522526/515Wx515H_product_2002308149_2-20251006180303/515Wx515H-product-2002308149-2-20251006180303.jpg | https://cloud-media.tous.com/medias/sys_master/images/h55/h7f/14869055012894/515Wx515H_product_2002308149_4-20251006180304/515Wx515H-product-2002308149-4-20251006180304.jpg | https://cloud-media.tous.com/medias/sys_master/images/h5e/h04/14869056520222/515Wx515H_product_2002308149_5-20251006180304/515Wx515H-product-2002308149-5-20251006180304.jpg | https://cloud-media.tous.com/medias/sys_master/images/h5d/hd9/14869058813982/515Wx515H_product_2002308149_9-20251006180305/515Wx515H-product-2002308149-9-20251006180305.jpg
BOLS021,2002305001,Mini bolso beige TOUS Puffy Bear,,"TOUS, bolsos",TOUS,134,149,1,sí,https://cloud-media.tous.com/medias/sys_master/images/hcf/hc4/14868903788574/515Wx515H_product_2002305001_9-20251006180238/515Wx515H-product-2002305001-9-20251006180238.jpg | https://cloud-media.tous.com/medias/sys_master/images/h12/h6e/14868901953566/515Wx515H_product_2002305001_7-20251006180238/515Wx515H-product-2002305001-7-20251006180238.jpg | https://cloud-media.tous.com/medias/sys_master/images/hf5/h55/14868901232670/515Wx515H_product_2002305001_6-20251006180238/515Wx515H-product-2002305001-6-20251006180238.jpg | https://cloud-media.tous.com/medias/sys_master/images/h75/h28/14868899659806/515Wx515H_product_2002305001_2-20251006180237/515Wx515H-product-2002305001-2-20251006180237.jpg
BOLS022,2002186651,City mediano beige y negro Kaos Icon,,"TOUS, bolsos",TOUS,170,189,1,sí,https://cloud-media.tous.com/medias/sys_master/images/hc5/he0/14868465680414/515Wx515H_product_2002186651_9-20251006170257/515Wx515H-product-2002186651-9-20251006170257.jpg | https://cloud-media.tous.com/medias/sys_master/images/had/h3a/14868463190046/515Wx515H_product_2002186651_2-20251006170256/515Wx515H-product-2002186651-2-20251006170256.jpg | https://cloud-media.tous.com/medias/sys_master/images/he6/h81/14868461813790/515Wx515H_product_2002186651-20251006170256/515Wx515H-product-2002186651-20251006170256.jpg
BOLS023,395910502,Mini bolso Pop negro TOUS La Rue New,,"TOUS, bolsos",TOUS,89,99,1,sí,https://cloud-media.tous.com/medias/sys_master/images/h59/he7/14903872946206/515Wx515H_product_395910502_9-20251023120240/515Wx515H-product-395910502-9-20251023120240.jpg | https://cloud-media.tous.com/medias/sys_master/images/h82/h22/12529600790558/515Wx515H_product_395910502_2-20230725100050/515Wx515H-product-395910502-2-20230725100050.jpg | https://cloud-media.tous.com/medias/sys_master/images/hc2/h10/14903870881822/515Wx515H_product_395910502_5-20251023120239/515Wx515H-product-395910502-5-20251023120239.jpg | https://cloud-media.tous.com/medias/sys_master/images/ha3/h48/12529599676446/515Wx515H_product_395910502-20230725100049/515Wx515H-product-395910502-20230725100049.jpg
BOLS024,395910104,Shopper grande Amaya topo TOUS La Rue New,,"TOUS, bolsos",TOUS,161,179,1,sí,https://cloud-media.tous.com/medias/sys_master/images/h4f/h31/12614678675486/515Wx515H_product_395910104_9-20230822190030/515Wx515H-product-395910104-9-20230822190030.jpg | https://cloud-media.tous.com/medias/sys_master/images/h34/h0a/12604613263390/515Wx515H_product_395910104_2-20230818170030/515Wx515H-product-395910104-2-20230818170030.jpg | https://cloud-media.tous.com/medias/sys_master/images/hf1/h10/12604613459998/515Wx515H_product_395910104_3-20230818170031/515Wx515H-product-395910104-3-20230818170031.jpg | https://cloud-media.tous.com/medias/sys_master/images/h02/h20/12614678151198/515Wx515H_product_395910104_6-20230822190030/515Wx515H-product-395910104-6-20230822190030.jpg
BOLS025,2002287601,Bandolera mediana Audree marfil Kaos Icon,,"TOUS, bolsos",TOUS,161,179,1,sí,https://cloud-media.tous.com/medias/sys_master/images/h1a/h24/14414789345310/515Wx515H_product_2002287601-20250508130242/515Wx515H-product-2002287601-20250508130242.jpg | https://cloud-media.tous.com/medias/sys_master/images/hcf/h7c/14414793474078/515Wx515H_product_2002287601_3-20250508130242/515Wx515H-product-2002287601-3-20250508130242.jpg | https://cloud-media.tous.com/medias/sys_master/images/h71/he7/14391326212126/515Wx515H_product_2002287601_9-20250429170058/515Wx515H-product-2002287601-9-20250429170058.jpg | https://cloud-media.tous.com/medias/sys_master/images/h01/h1b/14391324442654/515Wx515H_product_2002287601_5-20250429170058/515Wx515H-product-2002287601-5-20250429170058.jpg
BOLS026,395910464,Mini bolso Pop beige TOUS La Rue New,,"TOUS, bolsos",TOUS,89,99,1,sí,https://cloud-media.tous.com/medias/sys_master/images/hd4/h1a/14903867539486/515Wx515H_product_395910464_9-20251023120239/515Wx515H-product-395910464-9-20251023120239.jpg | https://cloud-media.tous.com/medias/sys_master/images/he7/hc7/12527135916062/515Wx515H_product_395910464-20230724120042/515Wx515H-product-395910464-20230724120042.jpg | https://cloud-media.tous.com/medias/sys_master/images/h18/h02/12527138832414/515Wx515H_product_395910464_2-20230724120043/515Wx515H-product-395910464-2-20230724120043.jpg | https://cloud-media.tous.com/medias/sys_master/images/h37/h7f/14903905091614/515Wx515H_product_395910464_5-20251023130243/515Wx515H-product-395910464-5-20251023130243.jpg
BOLS027,2002106544,Bandolera mediana arena TOUS Brenda,,"TOUS, bolsos",TOUS,143,159,1,sí,https://cloud-media.tous.com/medias/sys_master/images/hc5/h0d/14406313738270/515Wx515H_product_2002106544-20250505150059/515Wx515H-product-2002106544-20250505150059.jpg | https://cloud-media.tous.com/medias/sys_master/images/h57/he6/14386325487646/515Wx515H_product_2002106544_5-20250428103112/515Wx515H-product-2002106544-5-20250428103112.jpg | https://cloud-media.tous.com/medias/sys_master/images/h94/hdf/14414621835294/515Wx515H_product_2002106544_2-20250508120317/515Wx515H-product-2002106544-2-20250508120317.jpg | https://cloud-media.tous.com/medias/sys_master/images/h40/ha9/14386326667294/515Wx515H_product_2002106544_9-20250428103112/515Wx515H-product-2002106544-9-20250428103112.jpg | https://cloud-media.tous.com/medias/sys_master/images/h57/he6/14386325487646/515Wx515H_product_2002106544_5-20250428103112/515Wx515H-product-2002106544-5-20250428103112.jpg
BOLS028,2002106546,Bandolera mediana camel TOUS Brenda,,"TOUS, bolsos",TOUS,143,159,1,sí,https://cloud-media.tous.com/medias/sys_master/images/h08/h4c/14868442939422/515Wx515H_product_2002106546_5-20251006170252/515Wx515H-product-2002106546-5-20251006170252.jpg | https://cloud-media.tous.com/medias/sys_master/images/h12/hf8/14868444250142/515Wx515H_product_2002106546_9-20251006170253/515Wx515H-product-2002106546-9-20251006170253.jpg | https://cloud-media.tous.com/medias/sys_master/images/had/h5a/14868439793694/515Wx515H_product_2002106546_2-20251006170252/515Wx515H-product-2002106546-2-20251006170252.jpg | https://cloud-media.tous.com/medias/sys_master/images/hc6/h27/14868438024222/515Wx515H_product_2002106546-20251006170251/515Wx515H-product-2002106546-20251006170251.jpg
BOLS029,2002106501,Bandolera mediana beige TOUS Brenda,,"TOUS, bolsos",TOUS,143,159,0,sí,https://cloud-media.tous.com/medias/sys_master/images/hc1/h7a/13887716786206/515Wx515H_product_2002106501-20241111170224/515Wx515H-product-2002106501-20241111170224.jpg | https://cloud-media.tous.com/medias/sys_master/images/h3c/h0b/13345311064094/515Wx515H_product_2002106501_2-20240423190141/515Wx515H-product-2002106501-2-20240423190141.jpg | https://cloud-media.tous.com/medias/sys_master/images/he8/hd3/13347291529246/515Wx515H_product_2002106501_9-20240424130120/515Wx515H-product-2002106501-9-20240424130120.jpg | https://cloud-media.tous.com/medias/sys_master/images/h75/hd3/13347287400478/515Wx515H_product_2002106501_5-20240424130119/515Wx515H-product-2002106501-5-20240424130119.jpg | https://cloud-media.tous.com/medias/sys_master/images/h05/hc6/13347288317982/515Wx515H_product_2002106501_6-20240424130120/515Wx515H-product-2002106501-6-20240424130120.jpg
BOLS030,2002106551,Bandolera mediana negra TOUS Brenda,,"TOUS, bolsos",TOUS,143,159,1,sí,https://cloud-media.tous.com/medias/sys_master/images/h1f/h47/13887718227998/515Wx515H_product_2002106551-20241111170226/515Wx515H-product-2002106551-20241111170226.jpg | https://cloud-media.tous.com/medias/sys_master/images/ha6/hfc/13447704739870/515Wx515H_product_2002106551_2-20240530130246/515Wx515H-product-2002106551-2-20240530130246.jpg | https://cloud-media.tous.com/medias/sys_master/images/h3f/h25/13447772831774/515Wx515H_product_2002106551_6-20240530130246/515Wx515H-product-2002106551-6-20240530130246.jpg | https://cloud-media.tous.com/medias/sys_master/images/h16/h48/13447773945886/515Wx515H_product_2002106551_9-20240530130246/515Wx515H-product-2002106551-9-20240530130246.jpg
BOLS031,2002106433,Shopper grande Amaya azul marino TOUS Brenda,,"TOUS, bolsos",TOUS,161,179,1,sí,https://cloud-media.tous.com/medias/sys_master/images/hfb/he3/13345305755678/515Wx515H_product_2002106433-20240423190140/515Wx515H-product-2002106433-20240423190140.jpg | https://cloud-media.tous.com/medias/sys_master/images/ha2/h55/13345307394078/515Wx515H_product_2002106433_3-20240423190140/515Wx515H-product-2002106433-3-20240423190140.jpg | https://cloud-media.tous.com/medias/sys_master/images/h9d/hab/13345306935326/515Wx515H_product_2002106433_2-20240423190140/515Wx515H-product-2002106433-2-20240423190140.jpg | https://cloud-media.tous.com/medias/sys_master/images/hc2/h0d/13347285827614/515Wx515H_product_2002106433_6-20240424130119/515Wx515H-product-2002106433-6-20240424130119.jpg | https://cloud-media.tous.com/medias/sys_master/images/hb1/h74/13347286777886/515Wx515H_product_2002106433_9-20240424130119/515Wx515H-product-2002106433-9-20240424130119.jpg
BOLS032,2002183347,Bandolera mediana Audree gris oscuro Kaos Mini Lines,,"TOUS, bolsos",TOUS,161,179,1,sí,https://cloud-media.tous.com/medias/sys_master/images/h6c/heb/13787922628638/515Wx515H_product_2002183347-20241004230143/515Wx515H-product-2002183347-20241004230143.jpg | https://cloud-media.tous.com/medias/sys_master/images/h6a/ha3/13787923873822/515Wx515H_product_2002183347_2-20241004230143/515Wx515H-product-2002183347-2-20241004230143.jpg | https://cloud-media.tous.com/medias/sys_master/images/h42/hfb/13800232648734/515Wx515H_product_2002183347_8-20241009120133/515Wx515H-product-2002183347-8-20241009120133.jpg | https://cloud-media.tous.com/medias/sys_master/images/hea/h90/13800233697310/515Wx515H_product_2002183347_9-20241009120133/515Wx515H-product-2002183347-9-20241009120133.jpg | https://cloud-media.tous.com/medias/sys_master/images/h26/h9b/13800231665694/515Wx515H_product_2002183347_7-20241009120133/515Wx515H-product-2002183347-7-20241009120133.jpg
BOLS033,2002183301,Bandolera mediana Audree beige Kaos Mini Lines,,"TOUS, bolsos",TOUS,161,179,1,sí,https://cloud-media.tous.com/medias/sys_master/images/h79/h93/13787918565406/515Wx515H_product_2002183301-20241004230142/515Wx515H-product-2002183301-20241004230142.jpg | https://cloud-media.tous.com/medias/sys_master/images/h30/hff/13787919679518/515Wx515H_product_2002183301_2-20241004230142/515Wx515H-product-2002183301-2-20241004230142.jpg | https://cloud-media.tous.com/medias/sys_master/images/h05/h7b/13787921448990/515Wx515H_product_2002183301_7-20241004230142/515Wx515H-product-2002183301-7-20241004230142.jpg | https://cloud-media.tous.com/medias/sys_master/images/h65/h8c/13787921973278/515Wx515H_product_2002183301_9-20241004230142/515Wx515H-product-2002183301-9-20241004230142.jpg
BOLS034,2002296901,Shopper mediano marfil Kaos Icon,,"TOUS, bolsos",TOUS,179,199,1,sí,https://cloud-media.tous.com/medias/sys_master/images/h6e/h06/14406410797086/515Wx515H_product_2002296901-20250505160102/515Wx515H-product-2002296901-20250505160102.jpg | https://cloud-media.tous.com/medias/sys_master/images/h86/hc6/14406413811742/515Wx515H_product_2002296901_2-20250505160103/515Wx515H-product-2002296901-2-20250505160103.jpg | https://cloud-media.tous.com/medias/sys_master/images/hcd/haf/14391453679646/515Wx515H_product_2002296901_9-20250429180118/515Wx515H-product-2002296901-9-20250429180118.jpg | https://cloud-media.tous.com/medias/sys_master/images/h37/h86/14391362420766/515Wx515H_product_2002296901_5-20250429170059/515Wx515H-product-2002296901-5-20250429170059.jpg
BOLS035,2002296951,Shopper mediano negro Kaos Icon,,"TOUS, bolsos",TOUS,179,199,1,sí,https://cloud-media.tous.com/medias/sys_master/images/hde/h3e/14415019212830/515Wx515H_product_2002296951-20250508140324/515Wx515H-product-2002296951-20250508140324.jpg | https://cloud-media.tous.com/medias/sys_master/images/hdf/h31/14415021637662/515Wx515H_product_2002296951_2-20250508140325/515Wx515H-product-2002296951-2-20250508140325.jpg | https://cloud-media.tous.com/medias/sys_master/images/he1/h7f/14389786148894/515Wx515H_product_2002296951_9-20250429110223/515Wx515H-product-2002296951-9-20250429110223.jpg | https://cloud-media.tous.com/medias/sys_master/images/h8e/h4c/14389784379422/515Wx515H_product_2002296951_5-20250429110223/515Wx515H-product-2002296951-5-20250429110223.jpg
BOLS036,2002106601,Bolso mini cube beige TOUS Brenda,,"TOUS, bolsos",TOUS,89,99,1,sí,https://cloud-media.tous.com/medias/sys_master/images/h59/h18/14068647198750/515Wx515H_product_2002106601_9-20250109020116/515Wx515H-product-2002106601-9-20250109020116.jpg | https://cloud-media.tous.com/medias/sys_master/images/h32/hdc/13345321746462/515Wx515H_product_2002106601_2-20240423190143/515Wx515H-product-2002106601-2-20240423190143.jpg | https://cloud-media.tous.com/medias/sys_master/images/hf7/haa/14068645625886/515Wx515H_product_2002106601_5-20250109020116/515Wx515H-product-2002106601-5-20250109020116.jpg | https://cloud-media.tous.com/medias/sys_master/images/hed/h4e/14068646215710/515Wx515H_product_2002106601_6-20250109020116/515Wx515H-product-2002106601-6-20250109020116.jpg | 
BOLS037,2002129151,Mini bolso horizontal negro TOUS La Rue New,,"TOUS, bolsos",TOUS,89,99,1,sí,https://cloud-media.tous.com/medias/sys_master/images/h44/h35/13407376736286/515Wx515H_product_2002129151_9-20240516130154/515Wx515H-product-2002129151-9-20240516130154.jpg | https://cloud-media.tous.com/medias/sys_master/images/h2c/h97/13407374966814/515Wx515H_product_2002129151_2-20240516130153/515Wx515H-product-2002129151-2-20240516130153.jpg | https://cloud-media.tous.com/medias/sys_master/images/he2/h3e/13407375425566/515Wx515H_product_2002129151_5-20240516130153/515Wx515H-product-2002129151-5-20240516130153.jpg
BOLS038,2002183201,Bandolera mediana beige Kaos Mini Lines,"Bolso bandolera mediano Kaos Mini Lines de lona con detalles de poliuretano en color beige. Cierre de cremallera. Bolsillo interior con cremallera. Asa bandolera ajustable. Medidas (alto x ancho x fondo): 14,5 x 27 x 10,5 cm.","TOUS, bolsos",TOUS,152,169,1,sí,https://cloud-media.tous.com/medias/sys_master/images/h8a/he8/13787914436638/515Wx515H_product_2002183201_9-20241004230141/515Wx515H-product-2002183201-9-20241004230141.jpg | https://cloud-media.tous.com/medias/sys_master/images/h1a/h1c/13787912667166/515Wx515H_product_2002183201_2-20241004230141/515Wx515H-product-2002183201-2-20241004230141.jpg | https://cloud-media.tous.com/medias/sys_master/images/h23/h78/13787913256990/515Wx515H_product_2002183201_5-20241004230141/515Wx515H-product-2002183201-5-20241004230141.jpg | 
BOLS039,195890560,Bandolera mediana con solapa Kaos Dream negra,Bolso bandolera mediana con solapa TOUS de la colección Kaos Dream de poliuretano acolchado en forma de osos con acabado efecto piel en color negro. Correa larga de bandolera tipo cadena ajustable. Cierre con botón magnético. Un bolsillo interior con cremallera. Medidas: 12 x 32 x 21 cm.,"TOUS, bolsos",TOUS,152,169,1,sí,https://cloud-media.tous.com/medias/sys_master/images/h36/h45/10897181540382/product_195890560-20211202150046/product-195890560-20211202150046.jpg_515Wx515H | https://cloud-media.tous.com/medias/sys_master/images/h6c/hd3/13388402655262/515Wx515H_product_195890560_9-20240509120055/515Wx515H-product-195890560-9-20240509120055.jpg | https://cloud-media.tous.com/medias/sys_master/images/h69/h80/10897183113246/product_195890560_2-20211202150046/product-195890560-2-20211202150046.jpg_515Wx515H | https://cloud-media.tous.com/medias/sys_master/images/h9c/hb1/13388401147934/515Wx515H_product_195890560_5-20240509120055/515Wx515H-product-195890560-5-20240509120055.jpg
BOLS040,695810038,Mochila Kaos New Colores de Nylon en color antracita-negro,"Mochila TOUS Kaos New Colores de tejido hidrófugo, nylon y estampado Kaos New combinado con piel bovina. Color antracita-negro. Cierre cremallera. Bolsillos exteriores: uno con cierre cremallera. Bolsillos interiores: uno con cierre cremallera, dos sin cierre. Medidas: 41x32x13 cm.","TOUS, bolsos",TOUS,89,99,1,sí,https://cloud-media.tous.com/medias/sys_master/images/sys-master/images/h31/h72/10436721901598/product-695810038-20190506130604.jpg | https://cloud-media.tous.com/medias/sys_master/images/sys-master/images/haa/h8e/8841300443166/medias-695810038-2-20170226163808.jpg | https://cloud-media.tous.com/medias/sys_master/images/hc0/h7b/13388602834974/515Wx515H_product_695810038_9-20240509130056/515Wx515H-product-695810038-9-20240509130056.jpg | https://cloud-media.tous.com/medias/sys_master/images/hf7/hf2/13388601458718/515Wx515H_product_695810038_5-20240509130056/515Wx515H-product-695810038-5-20240509130056.jpg
BOLS041,2002287943,Shopper mediano camel Audree Canvas,"Bolso shopper mediano Audree Canvas de algodón con detalles de poliuretano y piel vacuna con certificación LWG en color camel. Cierre magnético. Dos compartimentos separados por uno con cremallera. Bolsillo interior y bolsillo exterior abiertos. Asa de hombro desmontable. Medidas (alto x ancho x fondo): 26 x 33,5 x 13,5 cm.","TOUS, bolsos",TOUS,179,199,1,sí,https://cloud-media.tous.com/medias/sys_master/images/h0e/h31/14415000928286/515Wx515H_product_2002287943-20250508140321/515Wx515H-product-2002287943-20250508140321.jpg | https://cloud-media.tous.com/medias/sys_master/images/h3e/h76/14406642663454/515Wx515H_product_2002287943_5-20250505170124/515Wx515H-product-2002287943-5-20250505170124.jpg | https://cloud-media.tous.com/medias/sys_master/images/h11/h99/14415002697758/515Wx515H_product_2002287943_2-20250508140321/515Wx515H-product-2002287943-2-20250508140321.jpg | https://cloud-media.tous.com/medias/sys_master/images/h78/h13/14406643449886/515Wx515H_product_2002287943_6-20250505170125/515Wx515H-product-2002287943-6-20250505170125.jpg
BOLS042,2002286352,Shopper mediano negro Audree Saffiano,"Bolso shopper mediano Audree Saffiano de poliuretano en color negro. Cierre magnético. Dos compartimentos separados por uno con cremallera. Bolsillo interior y bolsillo exterior abiertos. Dos asas de hombro extraíbles. Medidas (alto x ancho x fondo): 25 x 33,5 x 12,5 cm.","TOUS, bolsos",TOUS,179,199,1,sí,https://cloud-media.tous.com/medias/sys_master/images/h3d/h5a/14415187935262/515Wx515H_product_2002286352-20250508150204/515Wx515H-product-2002286352-20250508150204.jpg | https://cloud-media.tous.com/medias/sys_master/images/ha9/hdd/14334230560798/515Wx515H_product_2002286352_9-20250407160102/515Wx515H-product-2002286352-9-20250407160102.jpg | https://cloud-media.tous.com/medias/sys_master/images/hb5/h41/14265060098078/515Wx515H_product_2002286352_5-20250311190201/515Wx515H-product-2002286352-5-20250311190201.jpg | https://cloud-media.tous.com/medias/sys_master/images/h1a/hf9/14334227742750/515Wx515H_product_2002286352_6-20250407160102/515Wx515H-product-2002286352-6-20250407160102.jpg
BOLS043,395901569,Capazo grande negro Scoubidou,"Bolso capazo grande TOUS Scoubidou elaborado con rafia de mezcla de papel procedente de bosques sostenibles y materiales reciclados. También incorpora detalles de poliuretano en color negro. Cierre con cordón ajustable. En el interior hay un bolsillo con cremallera, dos bolsillos abiertos para pequeñas pertenencias y un portabolígrafo. Asas fijas de hombro. Medidas (alto x ancho x fondo): 23,5 x 39 x 14 cm.","TOUS, bolsos",TOUS,143,159,1,sí,https://cloud-media.tous.com/medias/sys_master/images/h65/h1e/12095086919710/product_395901569-20230223210041/product-395901569-20230223210041.jpg_515Wx515H | https://cloud-media.tous.com/medias/sys_master/images/h7b/h66/12095090589726/product_395901569_2-20230223210042/product-395901569-2-20230223210042.jpg_515Wx515H | https://cloud-media.tous.com/medias/sys_master/images/h00/h76/13418256498718/515Wx515H_product_395901569_5-20240520150126/515Wx515H-product-395901569-5-20240520150126.jpg 
BOLS044,2002184001,Minibolso beige Kaos Mini Lines,"Minibolso Kaos Mini Lines de lona en color beige. Cierre de cremallera. Asa de hombro ajustable y asa bandolera desmontable. Medidas (alto x ancho x fondo): 11,5 x 21 x 9 cm.","TOUS, bolsos",TOUS,134,149,1,sí,https://cloud-media.tous.com/medias/sys_master/images/h88/h9a/13787952971806/515Wx515H_product_2002184001-20241004230148/515Wx515H-product-2002184001-20241004230148.jpg | https://cloud-media.tous.com/medias/sys_master/images/h58/hfe/13787956510750/515Wx515H_product_2002184001_9-20241004230149/515Wx515H-product-2002184001-9-20241004230149.jpg | https://cloud-media.tous.com/medias/sys_master/images/h8a/h1d/13787954151454/515Wx515H_product_2002184001_2-20241004230148/515Wx515H-product-2002184001-2-20241004230148.jpg | https://cloud-media.tous.com/medias/sys_master/images/h4f/ha2/13787955920926/515Wx515H_product_2002184001_8-20241004230148/515Wx515H-product-2002184001-8-20241004230148.jpg
BOLS045,2002105251,Bolso de hombro mediano negro TOUS Brenda,"Bolso de hombro bandolera mediano TOUS Brenda de poliuretano en color negro. Cierre de cremallera. Bolsillo interior abierto. Asa de hombro ajustable a asa bandolera. Medidas (alto x ancho x fondo): 19,5 x 27 x 7 cm.","TOUS, bolsos",TOUS,134,149,1,sí,https://cloud-media.tous.com/medias/sys_master/images/h68/ha1/13483676860446/515Wx515H_product_2002105251_9-20240612130228/515Wx515H-product-2002105251-9-20240612130228.jpg | https://cloud-media.tous.com/medias/sys_master/images/h5b/h78/13431812849694/515Wx515H_product_2002105251_2-20240524170103/515Wx515H-product-2002105251-2-20240524170103.jpg | https://cloud-media.tous.com/medias/sys_master/images/h56/h8b/13483674894366/515Wx515H_product_2002105251_5-20240612130228/515Wx515H-product-2002105251-5-20240612130228.jpg | https://cloud-media.tous.com/medias/sys_master/images/hc2/h11/13431813767198/515Wx515H_product_2002105251_3-20240524170103/515Wx515H-product-2002105251-3-20240524170103.jpg
BOLS046,2002132251,Bandolera pequeña negra TOUS Jane Puffy Bear,Bolso bandolera pequeño TOUS Jane Puffy Bear de poliuretano en color negro. Cierre de cremallera. Asas de mano fijas y asa bandolera ajustable y extraíble. Medidas (alto x ancho x fondo): 17 x 25 x 12 cm.,"TOUS, bolsos",TOUS,143,159,1,sí,https://cloud-media.tous.com/medias/sys_master/images/h4b/h59/13621063548958/515Wx515H_product_2002132251-20240805190135/515Wx515H-product-2002132251-20240805190135.jpg | https://cloud-media.tous.com/medias/sys_master/images/hc2/hda/13620758839326/515Wx515H_product_2002132251_2-20240805170103/515Wx515H-product-2002132251-2-20240805170103.jpg | https://cloud-media.tous.com/medias/sys_master/images/h35/h5f/13621251899422/515Wx515H_product_2002132251_9-20240805200118/515Wx515H-product-2002132251-9-20240805200118.jpg
BOLS047,2002132243,Bandolera pequeña topo TOUS Jane Puffy Bear,Bolso bandolera pequeño TOUS Jane Puffy Bear de poliuretano en color topo. Cierre de cremallera. Asas de mano fijas y asa bandolera ajustable y extraíble. Medidas (alto x ancho x fondo): 17 x 25 x 12 cm.,"TOUS, bolsos",TOUS,143,159,1,sí,https://cloud-media.tous.com/medias/sys_master/images/h37/h5b/13621060108318/515Wx515H_product_2002132243-20240805190135/515Wx515H-product-2002132243-20240805190135.jpg | https://cloud-media.tous.com/medias/sys_master/images/h22/hbf/13621062696990/515Wx515H_product_2002132243_2-20240805190135/515Wx515H-product-2002132243-2-20240805190135.jpg | https://cloud-media.tous.com/medias/sys_master/images/h92/h2f/13620751335454/515Wx515H_product_2002132243_6-20240805170103/515Wx515H-product-2002132243-6-20240805170103.jpg 
BOLS048,2002132351,Bowling mediano negro TOUS Jane Puffy Bear,Bolso bowling mediano TOUS Jane Puffy Bear de poliuretano en color negro. Cierre de cremallera. Bolsillo interior abierto. Asas fijas de hombro y asa bandolera ajustable y extraíble. Medidas (alto x ancho x fondo): 22 x 33 x 13 cm.,"TOUS, bolsos",TOUS,170,189,1,sí,https://cloud-media.tous.com/medias/sys_master/images/h7d/h95/13621555200030/515Wx515H_product_2002132351-20240805220119/515Wx515H-product-2002132351-20240805220119.jpg | https://cloud-media.tous.com/medias/sys_master/images/h22/hfa/13620766015518/515Wx515H_product_2002132351_2-20240805170104/515Wx515H-product-2002132351-2-20240805170104.jpg | https://cloud-media.tous.com/medias/sys_master/images/h7d/h53/13621557887006/515Wx515H_product_2002132351_6-20240805220120/515Wx515H-product-2002132351-6-20240805220120.jpg
BOLS049,2002128051,Maletín negro Kaos Icon,Bolso maletín de lona con detalles de poliuretano en color negro Kaos Icon. Cierre de cremallera. Bolsillo interior abierto y bolsillo exterior con cierre de cremallera. Asas de mano fijas y asa bandolera ajustable y desmontable. Medidas (alto x ancho x fondo): 29 x 45 x 7 cm.,"TOUS, bolsos",TOUS,152,169,1,sí,https://cloud-media.tous.com/medias/sys_master/images/h73/h14/13407342428190/515Wx515H_product_2002128051-20240516130142/515Wx515H-product-2002128051-20240516130142.jpg | https://cloud-media.tous.com/medias/sys_master/images/hda/h84/13407343607838/515Wx515H_product_2002128051_2-20240516130143/515Wx515H-product-2002128051-2-20240516130143.jpg | https://cloud-media.tous.com/medias/sys_master/images/ha6/h9c/13407345967134/515Wx515H_product_2002128051_8-20240516130143/515Wx515H-product-2002128051-8-20240516130143.jpg | https://cloud-media.tous.com/medias/sys_master/images/hf2/hf2/13407344787486/515Wx515H_product_2002128051_6-20240516130143/515Wx515H-product-2002128051-6-20240516130143.jpg
BOLS050,2002022001,Capazo grande beige Kaos Icon,Bolso capazo grande de lona Kaos Icon en color beige y detalles en poliuretano. Cierre de cremallera. Asa de hombro fija.,"TOUS, bolsos",TOUS,179,199,1,sí,https://cloud-media.tous.com/medias/sys_master/images/h5f/h2a/12797284843550/515Wx515H_product_2002022001-20231026190039/515Wx515H-product-2002022001-20231026190039.jpg | https://cloud-media.tous.com/medias/sys_master/images/hea/h2d/12797285302302/515Wx515H_product_2002022001_2-20231026190039/515Wx515H-product-2002022001-2-20231026190039.jpg | https://cloud-media.tous.com/medias/sys_master/images/heb/hd1/12798322671646/515Wx515H_product_2002022001_5-20231027000051/515Wx515H-product-2002022001-5-20231027000051.jpg
BOLS051,395910199,Clutch negro Kaos Icon,Bolso clutch TOUS Kaos Icon de lona con estampado Kaos en color negro y gris con detalles en poliuretano. Cierre de cremallera. Asa de cadena extraíble de hombro o mano. Medidas (alto x ancho x fondo): 16 x 26 x 7 cm.,"TOUS, bolsos",TOUS,89,99,1,sí,https://cloud-media.tous.com/medias/sys_master/images/h76/h75/12540218474526/515Wx515H_product_395910199-20230728190038/515Wx515H-product-395910199-20230728190038.jpg | https://cloud-media.tous.com/medias/sys_master/images/h92/h67/12540221685790/515Wx515H_product_395910199_2-20230728190038/515Wx515H-product-395910199-2-20230728190038.jpg | https://cloud-media.tous.com/medias/sys_master/images/h03/h65/12666166640670/515Wx515H_product_395910199_9-20230912130040/515Wx515H-product-395910199-9-20230912130040.jpg | https://cloud-media.tous.com/medias/sys_master/images/h30/h61/12666166509598/515Wx515H_product_395910199_6-20230912130040/515Wx515H-product-395910199-6-20230912130040.jpg
BOLS052,2000839143,Bandolera Sherton de Piel marrón,"Bolso bandolera TOUS Sherton de piel grabada con oso simulando efecto cocodrilo en color marrón. Asa bandolera ajustable. Cierre con cremallera. Dos bolsillos interiores, uno de los cuáles con cremallera. Medidas: 16 x 22 x 6 cm.","TOUS, bolsos",TOUS,125,139,1,sí,https://www.tous.com/es-es/bandolera-sherton-de-piel-marron/p/2000839143-C.html?srsltid=AfmBOooMSbT40udtxszfHBJPtoBmtF-vKnpbtjJYxIf56VzOOVb1NyVh | https://static.tous.com/photoweb/pub/995890622/5/W/fullres.jpg?w=1000
BOLS053,2000901613,Bolsa de bebé Kaos New Colores en color rosa,Bolsa de bebé TOUS Kaos New Colores modelo Catri en color rosa. Incluye tiras en la bandolera adaptables a cualquier cochecito. Vinilo hidrófugo combinado con piel bovina. Medidas: 40x25x20 cm.,"TOUS, bolsos",TOUS,116,129,1,sí,https://www.tous.com/es-es/bolsa-de-bebe-kaos-new-colores-en-color-rosa/p/2000901613-C.html | https://static.tous.com/photoweb/pub/295810280/5/W/fullres.jpg?w=1000
BOLS054,2000901647,Bolsa de bebé Kaos New Colores en color antracita-negro,Bolsa de bebé TOUS Kaos New Colores modelo Catri en color antracita-negro. Incluye tiras en la bandolera adaptables a cualquier cochecito. Vinilo hidrófugo combinado con piel bovina. Medidas: 40x25x20 cm.,"TOUS, bolsos",TOUS,116,129,1,sí,https://www.tous.com/es-es/bolsa-de-bebe-kaos-new-colores-en-color-antracita-negro/p/2000901647-C.html | https://static.tous.com/photoweb/pub/295810281/5/W/fullres.jpg?w=1000
BOLS055,2000901648,Bolsa de bebé Kaos New Colores en color antracita-negro,Bolsa de bebé TOUS Kaos New Colores modelo Catri en color piedra-piedra. Incluye tiras en la bandolera adaptables a cualquier cochecito. Vinilo hidrófugo combinado con piel bovina. Medidas: 40x25x2 cm.,"TOUS, bolsos",TOUS,116,129,1,sí,https://www.tous.com/es-es/bolsa-de-bebe-kaos-new-colores-en-color-piedra/p/2000901648-C.html | https://static.tous.com/photoweb/pub/295810282/5/W/fullres.jpg?w=1000
BOLS056,2001038113,Mochila Kaos New Colores de Nylon en color rosa,"Mochila TOUS Kaos New Colores de tejido hidrófugo, nylon y estampado Kaos New combinado con piel bovina. Color rosa. Cierre cremallera. Bolsillos exteriores: uno con cierre cremallera. Bolsillos interiores: uno con cierre cremallera, dos sin cierre. Medidas: 41x32x13 cm.","TOUS, bolsos",TOUS,89,99,1,sí,https://www.tous.com/es-es/mochila-kaos-new-colores-de-nylon-en-color-rosa/p/2001038113-C.html | https://static.tous.com/photoweb/pub/695810039/5/W/fullres.jpg?w=1000
BOLS057,2001066751,Bandolera Sherton de Piel en color negro,Bolso bandolera TOUS Sherton modelo Nika en piel bovina en color negro. Cierre con cremallera. Un departamento interior con cremallera. Con forro y bandolera. Medidas: 16 x 22 x 6 cm.,"TOUS, bolsos",TOUS,125,139,1,sí,https://www.tous.com/es-es/bandolera-sherton-de-piel-en-color-negro/p/2001066751-C.html | https://static.tous.com/photoweb/pub/495900115/5/W/fullres.jpg?w=1000
BOLS058,2001405103,Mochila beige Kaos Icon,Mochila TOUS Kaos Icon de lona con estampado en beige y gris con detalles en poliuretano. Compartimento principal con cierre de solapa magnético y cordón ajustable. Bolsillo exterior con cierre de cremallera y bolsillo interior abierto. Asa fija de mano y correas de hombro ajustables. Medidas (alto x ancho x fondo): 34 x 36 x 23 cm.,"TOUS, bolsos",TOUS,179,199,1,sí,https://www.tous.com/es-es/mochila-beige-kaos-icon/p/2001405103-C.html | https://static.tous.com/photoweb/pub/395910183/1/W/fullres.jpg?w=1000 | https://static.tous.com/photoweb/pub/395910183/6/W/fullres.jpg?w=1000
BOLS059,2001405153,Mochila negra Kaos Icon,Mochila TOUS Kaos Icon de lona con estampado en negro y gris con detalles en poliuretano. Compartimento principal con cierre de solapa magnético y cordón ajustable. Bolsillo exterior con cierre de cremallera y bolsillo interior abierto. Asa fija de mano y correas de hombro ajustables. Medidas (alto x ancho x fondo): 34 x 36 x 23 cm.,"TOUS, bolsos",TOUS,179,199,1,sí,https://www.tous.com/es-es/mochila-negra-kaos-icon/p/2001405153-C.html | https://static.tous.com/photoweb/pub/395910192/1/W/fullres.jpg?w=1000 | https://static.tous.com/photoweb/pub/395910192/9/W/fullres.jpg?w=1000
BOLS060,2001689801,Billetera mediana New Dubai marrón y beige,Billetera mediana TOUS de la colección New Dubai de poliuretano con efecto saffiano en colores marrón y beige. Cierre con botón a presión y cremallera. Dos compartimentos principales: uno con cremallera y otro para tarjetas. Medidas: 20 x 10 x 3 cm,"TOUS, bolsos",TOUS,62,69,2,sí,https://www.tous.com/es-es/billetera-mediana-new-dubai-marron-y-beige/p/2001689801-C.html | https://static.tous.com/photoweb/pub/195930008/2/W/fullres.jpg?w=1000
BOLS061,2001689855,Billetera mediana plateada New Dubai Saffiano,"Billetera mediana TOUS de la colección New Dubai Saffiano de poliuretano Saffiano en color plata, malva y beige. Dispone de dos compartimentos principales. El primero es con cierre de cremallera y cuenta con 3 departamentos abiertos para monedas. El segundo es con cierre de botón a presión y cuenta con 3 bolsillos abiertos para billetes y 16 ranuras para tarjetas. Medidas (alto x ancho x fondo): 19 x 12 x 4 cm.","TOUS, bolsos",TOUS,62,69,2,sí,https://www.tous.com/es-es/billetera-mediana-plateada-new-dubai-saffiano/p/2001689855-C.html | https://static.tous.com/photoweb/pub/295900991/2/W/fullres.jpg?w=1000
BOLS062,2001716959,Capazo grande negro Scoubidou,"Bolso capazo grande TOUS Scoubidou elaborado con rafia de mezcla de papel procedente de bosques sostenibles y materiales reciclados. También incorpora detalles de poliuretano en color negro. Cierre con cordón ajustable. En el interior hay un bolsillo con cremallera, dos bolsillos abiertos para pequeñas pertenencias y un portabolígrafo. Asas fijas de hombro. Medidas (alto x ancho x fondo): 23,5 x 39 x 14 cm.","TOUS, bolsos",TOUS,143,159,3,sí,https://www.tous.com/es-es/capazo-grande-negro-scoubidou/p/2001716959-C.html | https://static.tous.com/photoweb/pub/395901569/2/W/fullres.jpg?w=1000 | https://static.tous.com/photoweb/pub/395901569/5/W/fullres.jpg?w=1000 
BOLS063,2001799554,Bandolera mediana Audree Chain negra y beige Kaos Icon,Bolso bandolera mediano Audree TOUS Kaos Icon de lona con estampado Kaos en color negro y beige con detalles de poliuretano. Bolso con dos compartimentos separados por un bolsillo con cierre de cremallera y un bolsillo exterior abierto en la parte delantera. Cierre de solapa con dos botones magnéticos. Asa de hombro de cadena fija y asa bandolera ajustable y extraíble. Medidas (alto x ancho x fondo): 20 x 25 x 12 cm.,"TOUS, bolsos",TOUS,161,179,1,sí,https://www.tous.com/es-es/bandolera-mediana-audree-chain-negra-y-beige-kaos-icon/p/2001799554-C.html | https://static.tous.com/photoweb/pub/2001799554/6/W/fullres.jpg?w=1000 | https://static.tous.com/photoweb/pub/2001799554/7/W/fullres.jpg?w=1000
BOLS064,2001799559,Bandolera mediana Audree Chain negra Kaos Icon,Bolso bandolera mediano Audree TOUS Kaos Icon de lona con estampado Kaos en color negro con detalles de poliuretano. Bolso con dos compartimentos separados por un bolsillo con cierre de cremallera y un bolsillo exterior abierto en la parte delantera. Cierre de solapa con dos botones magnéticos. Asa de hombro de cadena fija y asa bandolera ajustable y extraíble. Medidas (alto x ancho x fondo): 20 x 25 x 12 cm.,"TOUS, bolsos",TOUS,161,179,1,sí,https://www.tous.com/es-es/bandolera-mediana-audree-chain-negra-kaos-icon/p/2001799559-C.html | https://static.tous.com/photoweb/pub/2001799559/6/W/fullres.jpg?w=1000 | https://static.tous.com/photoweb/pub/2001799559/7/W/fullres.jpg?w=1000
BOLS065,2002304946,Bolso de hombro mediano marrón Tous Puffy Bear,Bolso de hombro mediano TOUS Puffy bear de poliuretano en color negro. Cierre de cremallera. Bolsillo interior con cremallera. Asa de hombro ajustable. Medidas (alto x ancho x fondo): 24 x 32 x 12 cm.,"TOUS, bolsos",TOUS,152,169,1,sí,https://static.tous.com/photoweb/pub/2002304946/0/W/fullres.jpg?w=1000 | https://static.tous.com/photoweb/pub/2002304946/5/W/fullres.jpg?w=1000
BOLS066,2002359044,Bolso de hombro marrón TOUS Halfmoon,"Bolso de Hombro Halfmoon de piel en color marrón. Cierre de cremallera. Bolsillo interior abierto. Asa de hombro ajustable a asa bandolera. Medidas (alto x ancho x fondo): 21,5 x 36 x 12 cm.","TOUS, bolsos",TOUS,152,169,1,sí,https://static.tous.com/photoweb/pub/2002359044/0/W/fullres.jpg?w=1000 | https://static.tous.com/photoweb/pub/2002359044/1/W/fullres.jpg?w=1000 | https://static.tous.com/photoweb/pub/2002359044/5/W/fullres.jpg?w=1000
BOLS067,2002304904,Bolso de hombro mediano arena Tous Puffy Bear,Bolso de hombro mediano TOUS Puffy bear de poliuretano en color negro. Cierre de cremallera. Bolsillo interior con cremallera. Asa de hombro ajustable. Medidas (alto x ancho x fondo): 24 x 32 x 12 cm.,"TOUS, bolsos",TOUS,152,169,1,sí,https://static.tous.com/photoweb/pub/2002304904/0/W/fullres.jpg?w=1000 | https://static.tous.com/photoweb/pub/2002304904/1/W/fullres.jpg?w=1000 | https://static.tous.com/photoweb/pub/2002304904/5/W/fullres.jpg?w=1000
BOLS068,2002354622,Bolso de hombro burdeos TOUS Salsi,Bolso de hombro pequeño TOUS Salsi de piel vacuna con certificación LWG en color burdeos. Cierre de cremallera. Asa corta de hombro. Medidas (alto x ancho x fondo): 13 x 21 x 10 cm.,"TOUS, bolsos",TOUS,143,159,1,sí,https://static.tous.com/photoweb/pub/2002354622/0/W/fullres.jpg?w=1000 | https://static.tous.com/photoweb/pub/2002354622/1/W/fullres.jpg?w=1000 | https://static.tous.com/photoweb/pub/2002354622/6/W/fullres.jpg?w=1000
BOLS069,2002355243,City mediano camel Kaos Icon,"Bolso city mediano Kaos Icon de poliuretano en color camel. Cierre con botón magnético. Bolsillo interior con cremallera. Asa fija de hombro. Medidas (alto x ancho x fondo): 18,5 x 33 x 24 cm.","TOUS, bolsos",TOUS,179,199,1,sí, | https://static.tous.com/photoweb/pub/2002355243/2/W/fullres.jpg?w=1000 | https://static.tous.com/photoweb/pub/2002355243/5/W/fullres.jpg?w=1000
BOLS070,2002359045,Bolso de hombro topo TOUS Halfmoon,"Bolso de Hombro Halfmoon de piel en color topo. Cierre de cremallera. Bolsillo interior abierto. Asa de hombro ajustable a asa bandolera. Medidas (alto x ancho x fondo): 21,5 x 36 x 12 cm.","TOUS, bolsos",TOUS,152,169,,,
,,,,,,,,,,
,,,,,,,,,,
,,,,,,,,,,
REL033,147-RA-AC0F07S30B,"reloj orient, automático",,"orient, relojes, hombre",orient,265,,1,si,https://platisur.es/wp-content/uploads/2025/11/147-RA-AC0F07S10B_1102019.jpg | https://platisur.es/wp-content/uploads/2025/11/RA-AC0F07S30B_c.jpg
REL034,147-RA-AC0F04S30B,"reloj orient, automático",,"orient, relojes, hombre",orient,285,,1,sí,https://clientes.platisur.es/wp-content/uploads/2020/05/147-RA-AC0F04S10B_1102019.jpg | https://platisur.es/wp-content/uploads/2025/11/RA-AC0F04S30B_c-150x225.jpg
REL035,147-RA-AP0003S30B,"reloj orient, automático",,"orient, relojes, hombre",orient,355,,1,sí,https://platisur.es/wp-content/uploads/2025/11/147-AP0003S10B_13102017.jpg | https://platisur.es/wp-content/uploads/2025/11/RA-AP0003S-d_s-150x150.jpg
REL036,147-TAC00009W0,"reloj orient, automático",,"orient, relojes, hombre",orient,345,,1,sí,https://platisur.es/wp-content/uploads/2025/11/AC00009W.jpg
REL037,147-TAC00005W0,"reloj orient, automático",,"orient, relojes, hombre",orient,345,,1,sí,https://platisur.es/wp-content/uploads/2025/11/147-FAC00005W0_2462016.jpg
REL038,"147-RA-AK0702Y30B
","reloj orient, automático",,"orient, relojes, hombre",orient,367,,1,sí,https://platisur.es/wp-content/uploads/2025/11/ra-ak0702y.jpg | https://platisur.es/wp-content/uploads/2025/11/RA-AK0702Y_c-1-150x225.jpg
REL039,147-RA-AP0106S30B,"reloj orient, automático",,"orient, relojes, hombre",orient,390,,1,sí,https://platisur.es/wp-content/uploads/2025/11/ra-ap0106s.jpg | https://platisur.es/wp-content/uploads/2025/11/ra-ap0106s_c_s-150x150.jpg
REL040,147-RA-AC0024L30B,"reloj orient, automático",,"orient, relojes, hombre",orient,360,,1,sí,https://platisur.es/wp-content/uploads/2025/11/ra-ac0024l.jpg | https://platisur.es/wp-content/uploads/2025/11/ra-ac0024l_b_s-150x150.jpg
REL041,147-RA-AC0023E30B,"reloj orient, automático",,"orient, relojes, hombre",orient,360,,1,sí,https://platisur.es/wp-content/uploads/2025/11/ra-ac0023e.jpg | https://platisur.es/wp-content/uploads/2025/11/ra-ac0023e_b_s-150x150.jpg
REL042,147-RA-AC0M10L30B,"reloj orient, automático",,"orient, relojes, hombre",orient,415,,1,sí,https://platisur.es/wp-content/uploads/2025/11/ra-ac0m10l.jpg | https://platisur.es/wp-content/uploads/2025/11/ra-ac0m9_10_11_c-150x225.jpg
REL043,147-RA-AG0002S30B,"reloj orient, automático",,"orient, relojes, hombre",orient,365,,1,sí,https://platisur.es/wp-content/uploads/2025/11/RA-AG0002S.jpg | https://platisur.es/wp-content/uploads/2025/11/RA-AG0002S_d_s-150x150.jpg
REL044,147-FAC00002W0,"reloj orient, automático",,"orient, relojes, hombre",orient,365,,1,sí,https://platisur.es/wp-content/uploads/2025/11/147-FAC00002W0_2462016.jpg
REL045,147-RA-AP0005B10B,"reloj orient, automático",,"orient, relojes, hombre",orient,355,,1,sí,https://platisur.es/wp-content/uploads/2025/11/147-AP0005B10B_13102017.jpg
REL046,147-RA-AG0005L30B,"reloj orient, automático",,"orient, relojes, hombre",orient,365,,1,sí,https://platisur.es/wp-content/uploads/2025/11/147-RA-AG0005L10B_26122017.jpg | https://platisur.es/wp-content/uploads/2025/11/RA-AG0005L_d_s-150x150.jpg
REL047,147-RA-AG0027Y10B,"reloj orient, automático",,"orient, relojes, hombre",orient,399,,1,sí,https://platisur.es/wp-content/uploads/2025/11/147-RA-AG0027Y10B_2112018.jpg
REL048,147-RA-AA0003R19B,"reloj orient, automatico",,"orient, relojes, hombre",orient,475,,1,sí,https://platisur.es/wp-content/uploads/2025/11/147-RA-AA0003R19B_2892018.jpg
REL049,147-RA-AB0010S19B,"reloj orient, cuarzo",,"orient, relojes, hombre",orient,199,,1,sí,https://orientrelojes.es/wp-content/uploads/2021/07/147-RA-AB0010S19B_242019-648x852.jpg
REL050,150-RA-TX0202B10B,"reloj orient, solar",,"orient, relojes, hombre",orient,395,,1,sí,https://platisur.es/wp-content/uploads/2025/11/ra-tx0202b_solar-1.jpg | https://platisur.es/wp-content/uploads/2025/11/ra-tx0201l_b-150x225.jpg
REL051,147-RA-AA0912B19B,"reloj orient, autómatico",,"orient, relojes, hombre",orient,399,,1,sí,https://orientrelojes.es/wp-content/uploads/2021/07/ra-aa0912b.jpg
REL052,147-RA-EL0003B00B,"reloj orient, automático",,"orient, relojes, hombre",orient,725,,1,sí,https://orientrelojes.es/wp-content/uploads/2021/07/147-RA-EL0003B00B_26122017.jpg
REL053,SSB383P1,,,"seiko, relojes, hombre",seiko,220,,1,sí,https://b2b.grupocadarso.com/medias/SSB383P1-001-Media-cadarso1200Wx1200H?context=bWFzdGVyfGltYWdlc3wzNDUzODgzfGltYWdlL3BuZ3xoZDgvaGVmLzg5NDM1NDg1NjM0ODYvU1NCMzgzUDFfMDAxX01lZGlhX2NhZGFyc28xMjAwV3gxMjAwSHw2MGIzZTEzMTRlN2M0NTY3NDZhNTRlYWIyZGMyM2I0ZDI2YTNmZjk5ZWM3NDhlMzIwM2EyM2MzNzViZmUyNWVi
REL054,SWR103P1,"Neo Classic Recutangular 4N30 27,20mm",,"seiko, relojes, hombre",seiko,290,,1,sí,https://b2b.grupocadarso.com/medias/SWR103P1-001-Media-cadarso1200Wx1200H?context=bWFzdGVyfGltYWdlc3w1MjMyNjZ8aW1hZ2UvcG5nfGgyYi9oNjMvOTAxNjA1MDk0MTk4Mi9TV1IxMDNQMV8wMDFfTWVkaWFfY2FkYXJzbzEyMDBXeDEyMDBIfDFlYzI1ZGFiZjYzY2RhZTMzZjExYzI2MzNmNWEyNzUyZWE4MTI2N2IyZDI2NzdlMmRlYzZmNDBlMGNmNjA1ZmI
REL055,SSB397P1,Neo Sports Cuarzo Crono Esfera Negra,,"seiko, relojes, hombre",seiko,310,,1,sí,https://b2b.grupocadarso.com/medias/SSB397P1-001-Media-cadarso1200Wx1200H?context=bWFzdGVyfGltYWdlc3wzNTY5MTAzfGltYWdlL3BuZ3xoMzIvaDU3Lzg5MzM4MTA3MzMwODYvU1NCMzk3UDFfMDAxX01lZGlhX2NhZGFyc28xMjAwV3gxMjAwSHw4ZjE0OWFiMWFiZWRiMGE4MjE0MmZiZDliZGYzOTJhZTJhNzUxYjBmNWYzY2U4YzMzN2NkOGIyZWJiNWZmOTU5
REL056,SRPK15J1,Presage Cocktail Midnight Blue Moon,,"seiko, relojes, hombre",seiko,460,,1,sí,https://b2b.grupocadarso.com/medias/SRPK15J1-001-Media-cadarso1200Wx1200H?context=bWFzdGVyfGltYWdlc3w4OTE4ODF8aW1hZ2UvcG5nfGhhZC9oZDUvODk1ODkzNzQ5NzYzMC9TUlBLMTVKMV8wMDFfTWVkaWFfY2FkYXJzbzEyMDBXeDEyMDBIfDFkOWYyMWRhZTg5MzhiNmI3OGQ4MDMzMDgyOTM2ZWRhNmQ0MTk1ZWJkZWY2Zjk2NjkwYzkzZGVhOWRmMjg2MDE
REL057,SSB459P1,Essentials Cronógrafo esfera azul 40 mm,,"seiko, relojes, hombre",seiko,450,,1,sí,https://b2b.grupocadarso.com/medias/SSB459P1-001-Media-cadarso1200Wx1200H?context=bWFzdGVyfGltYWdlc3w5MjgwMTR8aW1hZ2UvcG5nfGg1NC9oYzcvOTAxNjAzNTU3Mzc5MC9TU0I0NTlQMV8wMDFfTWVkaWFfY2FkYXJzbzEyMDBXeDEyMDBIfDY5NDhhZWM5N2E5N2ZmZjg2ZjQxYjM0MjJmOThkMDA4MTgyMjVhODZjYzNjZGQwMmU0MmFiZTk4MTI3MWFhYTU
REL058,SRPG23J1,"Presage Cockatil Automático """"Martini""""",,"seiko, relojes, hombre",seiko,460,,1,sí,https://b2b.grupocadarso.com/medias/SRPG23J1-001-Media-cadarso1200Wx1200H?context=bWFzdGVyfGltYWdlc3w5OTg4ODR8aW1hZ2UvcG5nfGgyMC9oYWMvODk0NDIyMjA3Njk1OC9TUlBHMjNKMV8wMDFfTWVkaWFfY2FkYXJzbzEyMDBXeDEyMDBIfDFmOTQ5ZDEzNTcwMGM5MjcxNzJjOGYzNmY4ZDhiYjBlNTY1ZjJjZDg4ZTI2ZjQ2NzIyMjJmZWU4YTdkMWVmYmU
REL059,SRPJ13J1,Presage Cocktail Autom 4R35 The Aviation,,"seiko, relojes, hombre",seiko,470,,1,sí,https://b2b.grupocadarso.com/medias/SRPJ13J1-001-Media-cadarso1200Wx1200H?context=bWFzdGVyfGltYWdlc3wxMDMwMDg0fGltYWdlL3BuZ3xoNmEvaDJmLzg5MzYxNjY3NTIyODYvU1JQSjEzSjFfMDAxX01lZGlhX2NhZGFyc28xMjAwV3gxMjAwSHwyNjhmY2IxMmYzNzM4YTY2YzVlZGUwOTA4MzgzYjcwMDUzOWE2N2NhOGE5NWUwNWVkMjFlZWRlNGUzMDVmZTc0
REL060,SSK035K1,5 Sports Serie SKX Cal.4R34 Negro&Verde,,"seiko, relojes, hombre",seiko,520,,1,sí,https://b2b.grupocadarso.com/medias/SSK035K1-001-Media-cadarso1200Wx1200H?context=bWFzdGVyfGltYWdlc3w4OTIwOTh8aW1hZ2UvcG5nfGgyNC9oNmYvODk5NjcxMTMzMzkxOC9TU0swMzVLMV8wMDFfTWVkaWFfY2FkYXJzbzEyMDBXeDEyMDBIfGZkZjJjOTU5MzE1MzM5YTE0MTQ4NWRlYTRkMWUzYTk2MGE4NzlmNzhhNGNjMWMyMWVmNWNmOTdiNGU5OWZmZmQ | https://b2b.grupocadarso.com/Todas-las-categor%C3%ADas/Relojes/Relojes/5-Sports-Serie-SKX-Cal-4R34-Negro%26Verde/p/SSK035K1#
REL061,SRPF03K1,Prospex Diver's Automático Samurai,,"seiko, relojes, hombre",seiko,510,,1,sí,https://b2b.grupocadarso.com/medias/SRPF03K1-001-Media-cadarso1200Wx1200H?context=bWFzdGVyfGltYWdlc3wxMDkxNTE3fGltYWdlL3BuZ3xoNDgvaGM4Lzg5NDMyOTc0Mjk1MzQvU1JQRjAzSzFfMDAxX01lZGlhX2NhZGFyc28xMjAwV3gxMjAwSHxmOWM5YjM3ZDZlOTIzNTliYTliZWE3Zjg1NjYxMzJhOGY5MTcyODFkNzg0NzM4OGViMjcwMjMwMzIyNmQ3Zjkx
REL062,SRPG57K1,Prospex SaveTheOcean Monster Pingüino,,"seiko, relojes, hombre",seiko,550,,1,sí,https://b2b.grupocadarso.com/medias/SRPG57K1-001-Media-cadarso1200Wx1200H?context=bWFzdGVyfGltYWdlc3wzODE5NDkyfGltYWdlL3BuZ3xoNjUvaDdmLzg5MzE0NTU1OTg2MjIvU1JQRzU3SzFfMDAxX01lZGlhX2NhZGFyc28xMjAwV3gxMjAwSHw2NmEyMzkyMzYzYjQ5Mzc1ZjYzMDliY2M2M2U3Mjc3ZDdmYTVhYTQyY2YwMmFkNjY2N2ZmNTIwZDlmNTlhYTJh | https://b2b.grupocadarso.com/medias/SRPG57K1-002-Media-cadarso1200Wx1200H?context=bWFzdGVyfGltYWdlc3w1MzAyNjc4fGltYWdlL3BuZ3xoMDUvaDgxLzg5MzE0OTI1OTM2OTQvU1JQRzU3SzFfMDAyX01lZGlhX2NhZGFyc28xMjAwV3gxMjAwSHw4NzFlZThhZWI1MGEyOTMxYjY0NTliYTljMjU1NDVjNWY4Y2IzNzgzYzE0Y2Y5OTI2Y2QyZGEyODhmNjA5MGNl
REL063,SNE571P1,Prospex Diver's Solar Scuba,,"seiko, relojes, hombre",seiko,550,,1,sí,https://b2b.grupocadarso.com/medias/SNE571P1-001-Media-cadarso1200Wx1200H?context=bWFzdGVyfGltYWdlc3wzMzMxOTkxfGltYWdlL3BuZ3xoNmMvaDAyLzg5MzE1MzA3MzU2NDYvU05FNTcxUDFfMDAxX01lZGlhX2NhZGFyc28xMjAwV3gxMjAwSHwyNTRjMGNjNWVjZDhiN2E3NWFkZTJkNGQ0NDhlOGJlY2YzMDUyYTczOGZlODBiODFkNDgyOGUxYzQ2MmM0YmMz | https://b2b.grupocadarso.com/medias/SNE571P1-002-Media-cadarso1200Wx1200H?context=bWFzdGVyfGltYWdlc3w0NzMyODA5fGltYWdlL3BuZ3xoYzcvaGNhLzg5MzE1MjU0OTI3NjYvU05FNTcxUDFfMDAyX01lZGlhX2NhZGFyc28xMjAwV3gxMjAwSHxlYWI5M2RlZGNhMzQ1MTY2NzYwYWRjZTI4YWM0MjBhN2JlMmM0NTBkNzdiZTMxYTc2NDY0MWY1NjEyNGY0NWQ2
REL064,SSA421J1,Presage Jardín japonés Automático 4R39,,"seiko, relojes, hombre",seiko,575,,1,sí,https://b2b.grupocadarso.com/medias/SSA421J1-001-Media-cadarso1200Wx1200H?context=bWFzdGVyfGltYWdlc3wxMDgyMDg3fGltYWdlL3BuZ3xoMjkvaDkzLzg5NDMzNDA0MjExNTAvU1NBNDIxSjFfMDAxX01lZGlhX2NhZGFyc28xMjAwV3gxMjAwSHwxMDc1OWQ4Yzg2YWU1YThmM2M0MWMwYmVlNzRhM2EzNWM1YmU4YzYwMWYxNTVkMDVkNjg2YmNlMjI4NGYyOTli | https://b2b.grupocadarso.com/medias/SSA421J1-002-Media-cadarso1200Wx1200H?context=bWFzdGVyfGltYWdlc3wyMjAzOTU1fGltYWdlL3BuZ3xoZDMvaDFhLzg5NDM1NDEwOTIzODIvU1NBNDIxSjFfMDAyX01lZGlhX2NhZGFyc28xMjAwV3gxMjAwSHxhNjQ1NjY2NGZiOGY1ODE0NzZjNzQzYzczZjkzNzU3MTg5OThiMGE3OWU4ODE0MGQ2MDk4M2I3NzUyNjIwN2U3
REL065,SSC923P1,Prospex Black Series Speedtimer,,"seiko, relojes, hombre",seiko,740,,1,sí,https://b2b.grupocadarso.com/medias/SSC923P1-001-Media-cadarso1200Wx1200H?context=bWFzdGVyfGltYWdlc3w5Nzg3Mzh8aW1hZ2UvcG5nfGhmNy9oNzgvODk3MDUxNjI5OTgwNi9TU0M5MjNQMV8wMDFfTWVkaWFfY2FkYXJzbzEyMDBXeDEyMDBIfGY5YTA3NzhmMzk4NDRhNTBkMWRiYjExMWJkMmEzMjVhYTU4OTRjZDAwN2IyMmQ4ZmNlOGE2MjY0NWFkNGM4YmU | https://b2b.grupocadarso.com/medias/SSC923P1-002-Media-cadarso1200Wx1200H?context=bWFzdGVyfGltYWdlc3wyMDU0NjQ3fGltYWdlL3BuZ3xoZDkvaGI2Lzg5NzA1MTQzOTkyNjIvU1NDOTIzUDFfMDAyX01lZGlhX2NhZGFyc28xMjAwV3gxMjAwSHw2ZTViODY5MzliNzMzZWYxM2FjMzRkMGEzMjdhYzUwZDE0NWE3M2YxMzk5YzIwMzcwMjMwZmQzMzU4NDZjODcy
REL066,SSC943P1,Prospex Speedtimer Solar bisel verde,,"seiko, relojes, hombre",seiko,745,,1,sí,https://b2b.grupocadarso.com/medias/SSC943P1-001-Media-cadarso1200Wx1200H?context=bWFzdGVyfGltYWdlc3wxMTAwODY4fGltYWdlL3BuZ3xoMTUvaGFiLzg5ODc5OTAwNjUxODIvU1NDOTQzUDFfMDAxX01lZGlhX2NhZGFyc28xMjAwV3gxMjAwSHwxNjA0YzM4NTMwMTY3OGVmYThiMjIxMTY3YjdiZjg5OWQ0MDczYTcwN2ZkNTdlMjUzNjVkOWE5YzUxZjg4Yjk2 | https://b2b.grupocadarso.com/Todas-las-categor%C3%ADas/Relojes/Relojes/Prospex-Speedtimer-Solar-bisel-verde/p/SSC943P1#
REL067,SSC911P1,Prospex Speedtimer Crono Solar blanco,,"seiko, relojes, hombre",seiko,790,,1,sí,https://b2b.grupocadarso.com/medias/SSC911P1-001-Media-cadarso1200Wx1200H?context=bWFzdGVyfGltYWdlc3wxMTE4Njc3fGltYWdlL3BuZ3xoNGEvaGNiLzg5NDQxOTQ5MTIyODYvU1NDOTExUDFfMDAxX01lZGlhX2NhZGFyc28xMjAwV3gxMjAwSHxkYzJkYzliODljMjRhMDJiNWYwZTQzNTIwMjIxZDVlNTA4ZThiMWJkNjE2ZGIxZGMzZjRkMzVhZTY1YWIyZjhj | https://b2b.grupocadarso.com/medias/SSC911P1-002-Media-cadarso1200Wx1200H?context=bWFzdGVyfGltYWdlc3wxNDA0MTgzfGltYWdlL3BuZ3xoYTQvaDU0Lzg5NDQxOTgwOTA3ODIvU1NDOTExUDFfMDAyX01lZGlhX2NhZGFyc28xMjAwV3gxMjAwSHw0OGFhZDFhNzJkZTA2ZTA1ZjcyYjEyYjdiY2I2NDdiYTFiZTIzZDIyODg4OTJiYWJlMWRmMzk4MGE1NWZkNjgx
REL068,SSC959P1,Prospex Speedtimer Solar EL Eur. Dorada,,"seiko, relojes, hombre",seiko,840,,1,sí,https://b2b.grupocadarso.com/medias/SSC959P1-001-Media-cadarso1200Wx1200H?context=bWFzdGVyfGltYWdlc3wxMDY3Mjk4fGltYWdlL3BuZ3xoNmIvaGY5LzkwNDA2Njc1MDg3NjYvU1NDOTU5UDFfMDAxX01lZGlhX2NhZGFyc28xMjAwV3gxMjAwSHw2NjQ4ZGIzZWVhMWU0MzRiZjNlOTM0YWIzNjk1M2FmMDAyODk5MGVjYWE4YWFkYzEzODM5NGU3NmRkY2MyMGMw | https://b2b.grupocadarso.com/Todas-las-categor%C3%ADas/Relojes/Relojes/Prospex-Speedtimer-Solar-EL-Eur-Dorada/p/SSC959P1#